organisasjonsnummer,navn,nace_kode,bransje,kommune,kommunenummer,adresse,postnummer,poststed,hjemmeside,epost,telefon,antall_ansatte,stiftelsesdato
832240842,2011 HOLDING AS,43.210,Elektroinstallasjon,BERGEN,4601,Seksjon 5 Hylkjeflaten 40,5109,HYLKJE,,,,,2023-09-20
938118892,7FJELL ELEKTRO AS,43.210,Elektroinstallasjon,BERGEN,4601,Kjenndalstoppen 46,5225,NESTTUN,,,,,2026-06-06
932764261,AC ELEKTRO AS,43.210,Elektroinstallasjon,BERGEN,4601,Hopsnesvegen 48,5232,PARADIS,,,,7.0,2023-12-15
998521629,AC/DC MARINE CONSULT AS,43.210,Elektroinstallasjon,BERGEN,4601,Måseskjæret 8,5035,BERGEN,,,41 42 09 52,,2012-06-18
916036930,AF ELKRAFT AS,43.210,Elektroinstallasjon,BERGEN,4601,Krokatjønnveien 11C,5147,FYLLINGSDALEN,www.afgruppen.no/selskaper/af-elkraft/,firmapost@afelkraft.no,22 89 11 10,237.0,2015-09-18
922657920,AL SAFE LIVIU ANTON,43.210,Elektroinstallasjon,BERGEN,4601,Travparkvegen 65,5111,BREISTEIN,,,,,
920889565,ALARMER OG SIKKERHET AS,43.210,Elektroinstallasjon,BERGEN,4601,Seksjon 8 Hardangervegen 72,5224,NESTTUN,www.alarmerogsikkerhet.no,post@alarmerogsikkerhet.no,942 42 828,,2018-05-02
916530293,ALFA OMEGA ELEKTRO AS,43.210,Elektroinstallasjon,BERGEN,4601,Sanddalskollen 89,5225,NESTTUN,aoelektro.no,post@aoelektro.no,976 09 183,,2015-12-15
918012486,AMPERA ELEKTRO AS,43.210,Elektroinstallasjon,BERGEN,4601,Austre Sagstadvegen 34,5243,FANA,,,,,2016-10-08
931579622,ANDERSSON ALARMSERVICE,43.210,Elektroinstallasjon,BERGEN,4601,c/o Peter Andersson Morvikbotn 285B,5122,MORVIK,,,,,
925669458,ARITECH BERGEN AS,43.210,Elektroinstallasjon,BERGEN,4601,Damsgårdsveien 90,5058,BERGEN,,,,27.0,2020-08-23
923452672,AS DATA ELEKTRISKE,43.210,Elektroinstallasjon,BERGEN,4601,Storetveitvegen 20,5067,BERGEN,,,,17.0,2019-09-05
919231432,AS ELEKTROINSTALLASJON,43.210,Elektroinstallasjon,BERGEN,4601,Solheimsgaten 14,5058,BERGEN,www.elektroinstallasjon.no,post@elektroinstallasjon.no,55 20 79 50,42.0,1974-12-31
826449012,ASKELAND ELEKTRO AS,43.210,Elektroinstallasjon,BERGEN,4601,Fanavollen 19,5244,FANA,,,,,2021-01-02
935952905,ASTOR NESSE & CO,43.210,Elektroinstallasjon,BERGEN,4601,Jonsterhaugen 32,5109,HYLKJE,,,,,
917457999,AVITRON NORGE AS,43.210,Elektroinstallasjon,BERGEN,4601,"Inngang G, etasje 5 Wernersholmvegen 31",5232,PARADIS,,avitron@gmx.com,997 00 845,11.0,2016-06-28
836299442,BANG ELSIKKERHET,43.210,Elektroinstallasjon,BERGEN,4601,c/o Alexander Bang Birkelandsbotn 8,5226,NESTTUN,,,,,
922245355,BAUGE HOLDING AS,43.210,Elektroinstallasjon,BERGEN,4601,Krohnengsgaten 5,5031,BERGEN,,,,,2019-01-16
998020824,BEA GRUPPEN AS,43.210,Elektroinstallasjon,BERGEN,4601,Nedre Nøttveit 62,5238,RÅDAL,,,,,2012-02-17
935552737,BEKKELUND DRIFT,43.210,Elektroinstallasjon,BERGEN,4601,Langtovegen 3,5137,MJØLKERÅEN,,,,,
934296133,BENSITT AS,43.210,Elektroinstallasjon,BERGEN,4601,c/o Ben Efraim Rørvik Janastølen 38,5179,GODVIK,,,,,2024-10-03
990452938,BERGEN ELEKTRO AS,43.210,Elektroinstallasjon,BERGEN,4601,Fagerbakken 9,5101,EIDSVÅGNESET,,,,,2006-10-01
982743834,BERGEN ELEKTRO AUTOMASJON AS,43.210,Elektroinstallasjon,BERGEN,4601,Nedre Nøttveit 62,5238,RÅDAL,,,55 91 33 19,35.0,2000-11-20
934442784,BERGEN ELEKTRO OG KJØLESERVICE AS KONKURSBO,43.210,Elektroinstallasjon,BERGEN,4601,Liamyrane 6,5132,NYBORG,,,,,2024-11-11
988935247,BERGEN ELEKTRO TEAM AS,43.210,Elektroinstallasjon,BERGEN,4601,Kanalveien 54,5068,BERGEN,www.bergenelektroteam.no,post@bergenelektroteam.no,55 27 01 02,28.0,2005-11-11
881926202,BERGEN ELEKTROKOMPETANSE AS,43.210,Elektroinstallasjon,BERGEN,4601,Kokstadvegen 44,5257,KOKSTAD,,post@bekas.no,55 10 98 98,98.0,2000-04-03
936283101,BERGEN ELEKTROSERVICE A/S,43.210,Elektroinstallasjon,BERGEN,4601,Inndalsveien 61,5063,BERGEN,,firmapost@bergenelektroservice.no,55 20 79 40,41.0,1985-03-11
919415444,BERGEN ELKONTROLL AS,43.210,Elektroinstallasjon,BERGEN,4601,Harald Skjolds veg 35A,5236,RÅDAL,,,,,2017-07-30
936911277,BERGEN LÅS & BESLAG AS KONKURSBO,43.210,Elektroinstallasjon,BERGEN,4601,Lønningsflaten 32K,5258,BLOMSTERDALEN,,,,,2026-01-06
994882015,BERGEN OG OMEGN RØR OG ELEKTRO AS,43.210,Elektroinstallasjon,BERGEN,4601,Conrad Mohrs veg 15,5072,BERGEN,www.vvseksperten.no/rorlegger/bergen/bergen-og-omegn-ror-og-elektro-as,,55 36 18 60,32.0,2009-12-04
830344292,BERGEN SOLKRAFT AS,43.210,Elektroinstallasjon,BERGEN,4601,Ekerdalen 11C,5251,SØREIDGREND,,,,,2022-09-30
926501615,BERGESEN HANSEN AS,43.210,Elektroinstallasjon,BERGEN,4601,Austre Solheia 16,5251,SØREIDGREND,,,,,2021-01-08
880919032,BERGSTRØM ELEKTRO AS,43.210,Elektroinstallasjon,BERGEN,4601,Gyldenprisveien 4,5056,BERGEN,,bergs.as@online.no,55 94 13 03,,1999-07-01
928253414,BERTHEUSSEN HOLDING AS,43.210,Elektroinstallasjon,BERGEN,4601,Michael Krohns gate 73,5057,BERGEN,,,,,2021-11-04
914466016,BGO ELEKTRO AS,43.210,Elektroinstallasjon,BERGEN,4601,Apeltunvegen 2C,5222,NESTTUN,www.bgoelektro.no,post@bgoelektro.no,55 69 41 00,11.0,2014-10-29
993517534,BI ELEKTRO AS,43.210,Elektroinstallasjon,BERGEN,4601,Storhammeren 35,5145,FYLLINGSDALEN,,post@bi-elektro.no,55 15 50 80,65.0,2008-10-13
960905873,BI ELEKTRO EIENDOM AS,43.210,Elektroinstallasjon,BERGEN,4601,Storhammeren 35,5145,FYLLINGSDALEN,,terje.skogedal@bi-elektro.no,55 15 50 80,,1991-05-31
980051625,BJØRGVIN ELEKTRO AS,43.210,Elektroinstallasjon,BERGEN,4601,Helldalshaugen 35,5226,NESTTUN,,,905 53 066,,1998-07-07
914366240,BMO ELEKTRO AS,43.210,Elektroinstallasjon,BERGEN,4601,Eidsvågveien 150,5105,EIDSVÅG I ÅSANE,,,,154.0,2014-09-18
995288621,BMO TUNNELSIKRING AS,43.210,Elektroinstallasjon,BERGEN,4601,Magnusvegen 18,5262,ARNATVEIT,,,32 77 09 30,35.0,2010-02-22
987964510,BORGE ELEKTRO & VEDLIKEHOLD,43.210,Elektroinstallasjon,BERGEN,4601,Åsheimsvegen 51,5260,INDRE ARNA,,,988 50 699,,
927088878,BORGE ELEKTRO AS,43.210,Elektroinstallasjon,BERGEN,4601,c/o Trygve Borge Åsheimsvegen 51,5260,INDRE ARNA,,post@borgeelektro.no,982 86 798,6.0,2021-03-01
926811800,BOS ENERGY AS,43.210,Elektroinstallasjon,BERGEN,4601,Tollbodallmenningen 5,5004,BERGEN,,,,,2021-01-18
930802093,BYE CONSULTING,43.210,Elektroinstallasjon,BERGEN,4601,Storhammeren 51,5145,FYLLINGSDALEN,,,,,
924869526,DR.ELEKTRO AS,43.210,Elektroinstallasjon,BERGEN,4601,Oppetveiten 61,5262,ARNATVEIT,,,,7.0,2020-03-20
837501342,DUMITRU MULTITECH SOLUTIONS,43.210,Elektroinstallasjon,BERGEN,4601,Alf Bondes veg 8A,5265,YTRE ARNA,,,,,
928458059,E.D.W HOLDING AS,43.210,Elektroinstallasjon,BERGEN,4601,Dyrhaugen 38,5236,RÅDAL,,,,,2021-10-20
817993362,EAPARTNER AS,43.210,Elektroinstallasjon,BERGEN,4601,Østre Stiaberget 60,5179,GODVIK,eapartner.no,post@eapartner.no,99 42 16 87,,2016-10-19
934488881,EIDESUND AUTOMASJON,43.210,Elektroinstallasjon,BERGEN,4601,Stiaberget 201,5179,GODVIK,,,,,
930928860,EILIFSEN ELEKTRO AS,43.210,Elektroinstallasjon,BERGEN,4601,Kanalveien 52C,5068,BERGEN,,,,,2023-02-15
923634630,EISMANN HOLDING AS,43.210,Elektroinstallasjon,BERGEN,4601,Jordalsveien 42,5105,EIDSVÅG I ÅSANE,,,,,2019-09-20
934422945,ELCOM AS KONKURSBO,43.210,Elektroinstallasjon,BERGEN,4601,Nattlandsveien 2,5093,BERGEN,,,,,2024-11-06
934296990,ELCOM BERGEN AS,43.210,Elektroinstallasjon,BERGEN,4601,Fantoftvegen 30,5072,BERGEN,,,,9.0,2024-10-10
937452241,ELEKTRO & AUTOMASJONSSYSTEMER AS,43.210,Elektroinstallasjon,BERGEN,4601,Fæsterlien 22,5184,OLSVIK,,,,,2026-02-01
967487341,ELEKTRO MILJØ AS,43.210,Elektroinstallasjon,BERGEN,4601,Olsvikskrenten 13,5184,OLSVIK,,,55 51 12 90,5.0,1993-09-05
871235422,ELEKTRO PARTNER AS,43.210,Elektroinstallasjon,BERGEN,4601,Bønesstranden 94,5155,BØNES,www.elektropartner-bergen.no,trond@elektroprtner.as,55 22 03 01,13.0,1994-11-01
837018552,ELEKTRO VESTLAND AS,43.210,Elektroinstallasjon,BERGEN,4601,Haukeberget 15,5119,ULSET,,,,,2026-01-02
985350647,ELEKTROKONTROLL BERGEN AS,43.210,Elektroinstallasjon,BERGEN,4601,Christian Michelsens gate 9,5012,BERGEN,,,55 90 44 20,,2005-10-01
923479651,ELEKTROPULS AS,43.210,Elektroinstallasjon,BERGEN,4601,Gimleveien 79,5052,BERGEN,,,,9.0,2019-09-04
931860313,ELMAKT VESELINOVIC,43.210,Elektroinstallasjon,BERGEN,4601,Øvre Fyllingsveien 55A,5161,LAKSEVÅG,,vessa67@gmail.com,41075983,,
986139079,ELMONT AS,43.210,Elektroinstallasjon,BERGEN,4601,Lønborglien 42,5039,BERGEN,www.elmontas.com,post@elmontas.com,90506504,,2003-09-01
835885372,ELTEC AS,43.210,Elektroinstallasjon,BERGEN,4601,Wernersholmvegen 37A,5232,PARADIS,www.eltec.as,eltec.bergen@gmail.com,46344489,,2025-04-29
931599194,ELTEC JACEK FRAK,43.210,Elektroinstallasjon,BERGEN,4601,Dyngelandsvegen 59D,5226,NESTTUN,,,,,
995822504,ELTEKNIKK AS,43.210,Elektroinstallasjon,BERGEN,4601,Møllendalsbakken 9,5009,BERGEN,www.elteknikk.no,post@elteknikk.no,455 11 555,15.0,2010-08-02
963942281,EM SYSTEMER AS,43.210,Elektroinstallasjon,BERGEN,4601,Conrad Mohrs veg 9C,5068,BERGEN,www.emsystemer.no,oyvin.wold@emsystemer.no,55 36 39 00,57.0,1992-04-24
918264221,EMU AS,43.210,Elektroinstallasjon,BERGEN,4601,Gamle Synningavegen 8C,5259,HJELLESTAD,,,,,2016-10-21
983850030,ENGUM BITS SERVICE,43.210,Elektroinstallasjon,BERGEN,4601,Idrettsveien 4,5052,BERGEN,,o-eng@online.no,55 59 00 69,,
923816410,ERNST EISMANN AS,43.210,Elektroinstallasjon,BERGEN,4601,Jordalsveien 42,5105,EIDSVÅG I ÅSANE,,,,20.0,2019-09-20
920827977,EVIEL AS,43.210,Elektroinstallasjon,BERGEN,4601,Hjellestadvegen 253,5259,HJELLESTAD,,,,,2018-03-10
937198337,FAG-ELEKTRIKEREN AS,43.210,Elektroinstallasjon,BERGEN,4601,Hallheimslien 10,5184,OLSVIK,,,,40.0,2026-01-29
985402698,FANA ELEKTRIKEREN AS,43.210,Elektroinstallasjon,BERGEN,4601,Høgsetevegen 1,5244,FANA,,,55 91 40 91,9.0,2003-02-05
996353591,FANA ELEKTRO AS,43.210,Elektroinstallasjon,BERGEN,4601,v/Stig Arntzen Mildevegen 138,5259,HJELLESTAD,,,932 52 010,,2010-11-12
836410912,FESTVÅG,43.210,Elektroinstallasjon,BERGEN,4601,Seiersbjerget 15,5022,BERGEN,,,,,
990933588,FG ELEKTROINSTALLASJON AS,43.210,Elektroinstallasjon,BERGEN,4601,Klasatjønnveien 53,5172,LODDEFJORD,www.fgelektro.no,per@fgelektro.no,928 00 684,,2007-01-29
822902812,FLM ELEKTRO AS,43.210,Elektroinstallasjon,BERGEN,4601,St. Olavs vei 3B,5052,BERGEN,,,,86.0,2019-05-13
928182827,FREDRIK STEEN ELEKTROKONSULENT,43.210,Elektroinstallasjon,BERGEN,4601,Myrdalsvegen 32A,5130,NYBORG,,fredrik.steen@live.no,993 88 191,,
926906690,FRISK ELTEKNIKK AS,43.210,Elektroinstallasjon,BERGEN,4601,St. Olavs vei 3B,5052,BERGEN,,,,5.0,2021-02-19
993024252,FRODE LIE,43.210,Elektroinstallasjon,BERGEN,4601,Mor Åses vei 27,5142,FYLLINGSDALEN,,482lie@online.no,55 16 97 21,,
969139715,FRODE SAMDAL,43.210,Elektroinstallasjon,BERGEN,4601,Hausdalsvegen 509,5229,KALANDSEIDET,,,55 11 94 85,,
977349990,FRØLAND & NOSS ELEKTRO AS,43.210,Elektroinstallasjon,BERGEN,4601,Krokatjønnveien 11C,5147,FYLLINGSDALEN,,espen@fnelektro.no,55 20 64 20,,1997-03-25
934666453,FRØLAND & NOSS ELEKTRO AS KONKURSBO,43.210,Elektroinstallasjon,BERGEN,4601,Krokatjønnveien 11C,5147,FYLLINGSDALEN,,,,,2024-12-17
927659085,FSW AUTOMATED SOLUTIONS AS,43.210,Elektroinstallasjon,BERGEN,4601,Hovdenvegen 12,5221,NESTTUN,,,,,2021-08-18
930077917,FSW GRUPPEN AS,43.210,Elektroinstallasjon,BERGEN,4601,Hovdenvegen 12,5221,NESTTUN,,,,,2022-08-31
967444030,FYLLINGEN ELEKTRO INSTALLASJON AS,43.210,Elektroinstallasjon,BERGEN,4601,Hovedgården Ytrebygdsvegen 37,5251,SØREIDGREND,,post@fyllingen_elinst.no,55 11 08 88,,1993-06-01
938196346,FØRDE ELEKTRO,43.210,Elektroinstallasjon,BERGEN,4601,Apeltunlien 34G,5238,RÅDAL,,age.foerde@gmail.com,99571710,,
927900645,GJENDEMSJØ ELEKTRO AS,43.210,Elektroinstallasjon,BERGEN,4601,Dortledhaugen 130,5237,RÅDAL,,,,,2021-09-18
937381190,GLOSTER MEP (GLOBAL) NOR AS,43.210,Elektroinstallasjon,OSLO,0301,c/o Advokatfirmaet Aider Legal AS Karl Johans gate 37,0162,OSLO,,,,,2026-02-26
962158803,GRAN ELEKTRO AS,43.210,Elektroinstallasjon,BERGEN,4601,Strandgaten 199,5004,BERGEN,,,55 90 00 66,8.0,1991-11-13
927048361,GRINDHEIM ELEKTRO,43.210,Elektroinstallasjon,BERGEN,4601,Haukedalsveien 61,5113,TERTNES,,,,,
831277432,H AUTOMASJON AS,43.210,Elektroinstallasjon,BERGEN,4601,Fabrikkgaten 5,5059,BERGEN,www.hautomasjon.no,henrik@hautomasjon.no,+4748424484,5.0,2023-04-13
965299424,HANESETH BERGEN INSTALLASJON AS,43.210,Elektroinstallasjon,BERGEN,4601,Kjøkkelvikbrekkene 20,5178,LODDEFJORD,www.bergeninstallasjon.no,,55 90 14 10,18.0,1992-10-29
914035015,HANESETH TERNE ELEKTRO AS,43.210,Elektroinstallasjon,BERGEN,4601,Kjøkkelvikbrekkene 20,5178,LODDEFJORD,,,,,2014-08-05
926629360,HANSEN-ELEKTRO AS,43.210,Elektroinstallasjon,BERGEN,4601,Lønningshaugen 7,5258,BLOMSTERDALEN,www.hansen-elektro.no,post@hansen-elektro.no,55 70 52 22,13.0,2021-02-02
989191209,HASS INVEST AS,43.210,Elektroinstallasjon,BERGEN,4601,Titlestadvegen 11,5243,FANA,,,,,2005-12-14
924422890,HAVNES BYGGELEDER ELEKTRO,43.210,Elektroinstallasjon,BERGEN,4601,c/o Helge Havnes Nesttuntræet 29,5221,NESTTUN,,,,,
985649545,HENNINGSEN TEKNIKK,43.210,Elektroinstallasjon,BERGEN,4601,Krokeidevegen 565,5244,FANA,,,55 91 60 91,,
929712706,HENRIKSEN DRIFT & TEKNIKK,43.210,Elektroinstallasjon,BERGEN,4601,Nygårdsgaten 2A,5015,BERGEN,,eskilhenriksen@gmail.com,41 58 33 30,,
922248095,HILLEREN ELEKTRO,43.210,Elektroinstallasjon,BERGEN,4601,Aurdalslia 22,5253,SANDSLI,,,,,
932174324,HOLMEFJORD SOLUTIONS,43.210,Elektroinstallasjon,BERGEN,4601,Bøneslien 28,5155,BØNES,,,,,
914471184,HUS ELEKTRO AS,43.210,Elektroinstallasjon,BERGEN,4601,Gravdalsveien 3,5165,LAKSEVÅG,,,459 65 000,9.0,2014-10-31
967836257,HØVA ELEKTRO AS,43.210,Elektroinstallasjon,BERGEN,4601,Eidsvågveien 150,5105,EIDSVÅG I ÅSANE,,post@hova.no,55 55 80 03,10.0,1993-11-01
989210947,HØVA INVEST AS,43.210,Elektroinstallasjon,BERGEN,4601,Eisdvågveien 151,5105,EIDSVÅG I ÅSANE,,,,,2005-12-01
842628482,INSTALLATØRSERVICE AS,43.210,Elektroinstallasjon,BERGEN,4601,Midtunvegen 26,5224,NESTTUN,,,,,1987-01-02
928858006,J MORKEN HOLDING AS,43.210,Elektroinstallasjon,BERGEN,4601,c/o Joachim Morken Vestlivegen 30,5260,INDRE ARNA,,,,,2021-12-28
988574228,JETMUNDSEN ELEKTRO AS,43.210,Elektroinstallasjon,BERGEN,4601,Stamsneset 66B,5252,SØREIDGREND,,,55 99 09 50,5.0,2005-08-16
989989812,JH AUTOMASJON Johnny B Hagen,43.210,Elektroinstallasjon,BERGEN,4601,Kvernhusveien 10,5164,LAKSEVÅG,,johhag@online.no,,,
917294917,JH INSTALLASJON AS,43.210,Elektroinstallasjon,BERGEN,4601,Steinestøvegen 658,5108,HORDVIK,,,,,2016-05-01
925786470,JOHAN EEK-LARSEN AS,43.210,Elektroinstallasjon,BERGEN,4601,Nordre Grønnevollen 6,5016,BERGEN,,eken-el@online.no,55 31 53 41,,1977-07-01
935581877,JOHANNESSEN SOLUTIONS,43.210,Elektroinstallasjon,BERGEN,4601,Flyen 37B,5259,HJELLESTAD,,eirikemin20@gmail.com,45842207,,
937525133,KA HAUGLAND,43.210,Elektroinstallasjon,BERGEN,4601,Jægerbakken 8B,5042,BERGEN,,,,,
966228024,KJELL HANSEN ELEKTRO AS,43.210,Elektroinstallasjon,BERGEN,4601,Leirvikflaten 5,5179,GODVIK,,firmapost@kjell-hansen.no,55 15 40 30,45.0,1993-03-10
927595125,KNUDSEN DRIFT & ELEKTRO,43.210,Elektroinstallasjon,BERGEN,4601,Bjøllebotn 142,5226,NESTTUN,,,,,
986532188,KNURO AS,43.210,Elektroinstallasjon,BERGEN,4601,Kokstadflaten 35,5257,KOKSTAD,,,55 93 79 16,9.0,2004-01-13
863786592,KNUT KNUTSEN AS,43.210,Elektroinstallasjon,BERGEN,4601,Skuteviksbodene 10,5035,BERGEN,,firmapost@knut-knutsen.no,55 36 34 40,26.0,1992-01-02
987450010,KOMPETANSE PARTNER K. Helgesen,43.210,Elektroinstallasjon,BERGEN,4601,Tømmerbakken 6,5101,EIDSVÅGNESET,,kenneth.helgesen@chello.no,55 95 23 26,,
914846765,KOMPLETT ALARM AS,43.210,Elektroinstallasjon,BERGEN,4601,Strandkaien 18,5013,BERGEN,,,,,2015-01-05
988987409,KONGSHAVN AUTOMASJON AS,43.210,Elektroinstallasjon,BERGEN,4601,Sørehavnveien 41,5179,GODVIK,,,,,2005-11-21
936903363,KOSTR POWERED BY DEAS AS,43.210,Elektroinstallasjon,MOSS,3103,Carlsmindeveien 21,1526,MOSS,,,,5.0,2025-12-01
814635902,KRAFO ELEKTRO AS,43.210,Elektroinstallasjon,BERGEN,4601,Skarehaugene 24,5174,MATHOPEN,www.krafo.no,firmapost@krafo.no,920 20 645,,2014-12-01
836688422,KRISTIAN RAMM SELJENES,43.210,Elektroinstallasjon,BERGEN,4601,Nesttunhalsen 17,5221,NESTTUN,,,,,
930804886,KVAMME AUTOMASJONSSYSTEMER KNX,43.210,Elektroinstallasjon,BERGEN,4601,Fæsterlien 22,5184,OLSVIK,,,,,
932146568,Kvassheim Elektro AS,43.210,Elektroinstallasjon,BERGEN,4601,Hagerups vei 99,5067,BERGEN,www.kvassheim-elektro.no,post@kvassheim-elektro.no,55 98 20 80,18.0,1987-02-23
980110567,L-G PERSSON KONSULT AB,43.210,Elektroinstallasjon,BERGEN,4601,c/o Bergen Luftteknikk AS Damsgårdsg 165,5162,LAKSEVÅG,,,,,
933713601,LAKSEVÅG ELEKTRO AS,43.210,Elektroinstallasjon,BERGEN,4601,Lyderhornsveien 27,5164,LAKSEVÅG,,,55 34 55 60,16.0,1983-05-06
938052808,LANDVIK MONTERING,43.210,Elektroinstallasjon,BERGEN,4601,Rugdeveien 24,5097,BERGEN,,,,,
934814525,LAZIC SIKKERHET,43.210,Elektroinstallasjon,BERGEN,4601,Storhammeren 21,5145,FYLLINGSDALEN,,,,,
989123041,LES3 HOLDING AS,43.210,Elektroinstallasjon,BERGEN,4601,V/Stig Arntzen Mildevegen 138,5259,HJELLESTAD,,,55 30 86 00,,2005-12-13
926624148,LEVERSEN TECH,43.210,Elektroinstallasjon,BERGEN,4601,Seimsvegen 36,5260,INDRE ARNA,,,,,
933073262,LIE SERVICE,43.210,Elektroinstallasjon,BERGEN,4601,Hesjaholtveien 42,5142,FYLLINGSDALEN,,,,,
938405387,LISET CONSULTING,43.210,Elektroinstallasjon,BERGEN,4601,Hetlebakkvegen 195,5131,NYBORG,,,,,
921286309,LJOS OG HEITE MJELDE ELEKTROINSTALLASJON,43.210,Elektroinstallasjon,BERGEN,4601,Lonaleitet 147,5268,HAUKELAND,,,,,
925725641,LN ELEKTRO - NILSEN,43.210,Elektroinstallasjon,BERGEN,4601,c/o Lehne Nilsen Søreidneset 114,5251,SØREIDGREND,,,,,
993138975,LOCKIT AS,43.210,Elektroinstallasjon,BERGEN,4601,Midtunlia 73,5224,NESTTUN,www.lockit.no,post@lockit.no,55 92 20 80,23.0,2008-09-01
935302897,LOFTHUS ELEKTRO AS,43.210,Elektroinstallasjon,BERGEN,4601,Ekerdalen 1,5251,SØREIDGREND,,,,,2025-03-25
934909046,LYNGBERG ELEKTRO,43.210,Elektroinstallasjon,BERGEN,4601,Kollbulia 38,5124,MORVIK,,,,,
938435499,LØVÅS SERVICE,43.210,Elektroinstallasjon,BERGEN,4601,Straumesvingen 3E,5151,STRAUMSGREND,,,,,
934838416,LAASTAD DRIFT OG VEDLIKEHOLD,43.210,Elektroinstallasjon,BERGEN,4601,Fanavollen 15,5244,FANA,,,,,
931352830,MAI ELEKTRO AS,43.210,Elektroinstallasjon,BERGEN,4601,c/o Asbjørn Almeland Hednevegen 56,5229,KALANDSEIDET,,,,,2023-04-17
931769219,MANI BERGEN AS,43.210,Elektroinstallasjon,BERGEN,4601,Damsgårdsallmenningen 1,5160,LAKSEVÅG,,,,,2023-06-26
990341354,MARTIN PRESTEGÅRD AS,43.210,Elektroinstallasjon,BERGEN,4601,Kokstadflaten 26,5257,KOKSTAD,,martin@prestegard.no,55 52 53 20,42.0,2006-09-22
923238425,MB ELEKTRO AS,43.210,Elektroinstallasjon,BERGEN,4601,Løbergsveien 16B,5054,BERGEN,,,,8.0,2019-08-04
927620499,MB.HOLDING AS,43.210,Elektroinstallasjon,BERGEN,4601,Løbergsveien 16B,5054,BERGEN,,,,,2021-06-02
940232791,MIKAL TØNJUM ELEKTROSERVICE AS,43.210,Elektroinstallasjon,BERGEN,4601,Fanavegen 287,5244,FANA,,,,,1986-08-29
914392489,MONSEN ELEKTRO AS,43.210,Elektroinstallasjon,BERGEN,4601,Midtunhaugen 13A,5224,NESTTUN,,,55 29 39 40,36.0,1970-03-03
866300992,MORVIK SÆTRE GAVLEN ALARM ANS,43.210,Elektroinstallasjon,BERGEN,4601,Cort Piil-Smauet 4,5005,BERGEN,,,,,1993-03-22
932603691,MULL-ELEKTRO AS,43.210,Elektroinstallasjon,BERGEN,4601,Wernersholmvegen 37A,5232,PARADIS,,info@mull-elektro.com,457 31 210,10.0,2023-11-14
911770032,NATIONALELEKTRO.NO AS,43.210,Elektroinstallasjon,BERGEN,4601,Bergveien 3,5152,BØNES,,arild@nationalelektro.no,934 47 515,,2013-01-03
970289550,NAUSDAL ELEKTROSERVICE KNUT,43.210,Elektroinstallasjon,BERGEN,4601,J. L. Mowinckels vei 24,5145,FYLLINGSDALEN,,,,,
932737957,ND MIDCO AS,43.210,Elektroinstallasjon,BERGEN,4601,Søvikmarka 9,5251,SØREIDGREND,,,,,2023-12-03
933499057,NEVY ELEKTRO,43.210,Elektroinstallasjon,BERGEN,4601,Kokstadvegen 41,5257,KOKSTAD,,,,7.0,2024-05-07
935241138,NORDNES ELEKTRO AS,43.210,Elektroinstallasjon,BERGEN,4601,Haugeveien 29,5005,BERGEN,,,,,2025-03-10
938541795,NYE ELTEKNIKK AS,43.210,Elektroinstallasjon,BERGEN,4601,Møllendalsbakken 9,5009,BERGEN,,,,,2026-08-24
998073367,NYGAARD ELEKTRO AS,43.210,Elektroinstallasjon,BERGEN,4601,Dyrhaugen 38,5236,RÅDAL,,,,,2012-03-03
831211032,NØSTDAHLS UTLEIE SERVICE,43.210,Elektroinstallasjon,BERGEN,4601,Ravnestølen 170,5170,BJØRNDALSTRÆ,,,,,
918845755,ODD-OVE NORDVIK,43.210,Elektroinstallasjon,BERGEN,4601,Fanafjellsvegen 372,5243,FANA,,,,,
931974203,ONSHORE - OFFSHORE ZAKARIASSEN,43.210,Elektroinstallasjon,BERGEN,4601,Wallemsvikveien 36B,5165,LAKSEVÅG,,,,,
938270805,OSBERG DRIFT & VEDLIKEHOLD,43.210,Elektroinstallasjon,BERGEN,4601,Myrholtet 162,5142,FYLLINGSDALEN,,,,,
930583510,OTRAKS D.O.O. SRBAC,43.210,Elektroinstallasjon,,,"Ulica Mome Vidovica 17, entrance 2, Srbac,",,BA-78420 SRBAC,,,,,
935796741,PASCAL AUTOMASJON BERGEN AS,43.210,Elektroinstallasjon,BERGEN,4601,Leirvikveien 46,5179,GODVIK,,,,,2025-06-13
938179581,PENTON SERVICES GROUP LIMITED NUF,43.210,Elektroinstallasjon,,,"14 Larkstore Park Lodge Road, Staplehurst,",,TONBRIDGE TN12 0QY,,,,,
920517463,PFC ELEKTRO AS,43.210,Elektroinstallasjon,BERGEN,4601,Rinddalen 82,5099,BERGEN,,pfc.elektro@gmail.com,959 00 919,,2018-01-12
990703590,PIHL ELEKTRO AS,43.210,Elektroinstallasjon,BERGEN,4601,Våkleiven 43,5155,BØNES,,,45080600,,2006-12-10
936763383,PIHL ELEKTRO AS KONKURSBO,43.210,Elektroinstallasjon,BERGEN,4601,Våkleiven 43,5155,BØNES,,,,,2025-12-12
921567502,PLUG BERGEN AS,43.210,Elektroinstallasjon,BERGEN,4601,Solheimsgaten 5,5058,BERGEN,,,,,2018-11-09
925788228,PLUG ÅLESUND AS,43.210,Elektroinstallasjon,ÅLESUND,1508,Nedre Strandgate 21,6004,ÅLESUND,www.plugport.no,post@plugport.no,975 78 136,,2020-09-30
989210998,PRESTEGÅRD HOLDING AS,43.210,Elektroinstallasjon,BERGEN,4601,Kokstadflaten 26,5257,KOKSTAD,,,55 52 53 20,,2005-12-21
934051955,PRESTTUN SERVICE,43.210,Elektroinstallasjon,BERGEN,4601,Wolffs gate 20,5006,BERGEN,,,,,
937077084,PRO SERVICE EIKELAND,43.210,Elektroinstallasjon,BERGEN,4601,Nordnesveien 64,5005,BERGEN,,jonheik@gmail.com,+4741427249,,
994937022,RAMSØY ELEKTRO,43.210,Elektroinstallasjon,BERGEN,4601,Solåsen 55A,5223,NESTTUN,,bjarne_ramsoy@yahoo.no,55 91 78 88,,
928670716,RELYS AS,43.210,Elektroinstallasjon,BERGEN,4601,Fantoftvegen 14,5075,BERGEN,,gaute@ornelund.com,971 40 588,,2022-01-12
926921002,RESET HOLDING AS,43.210,Elektroinstallasjon,BERGEN,4601,c/o Trygve Borge Åsheimsvegen 51,5260,INDRE ARNA,,,,,2021-03-01
925273481,RGR ELEKTRO AS,43.210,Elektroinstallasjon,BERGEN,4601,Conrad Mohrs veg 29,5072,BERGEN,,,,19.0,2020-06-17
928659003,RIGGKRAFT PAVLOVIC CONNECT,43.210,Elektroinstallasjon,BERGEN,4601,Jægerbakken 49,5042,BERGEN,,,,,
934556011,ROVEX ROBOTICS AS,43.210,Elektroinstallasjon,BERGEN,4601,Michael Krohns gate 65,5057,BERGEN,,,,,2024-09-25
932195429,RUTLEDAL ELEKTRO AS,43.210,Elektroinstallasjon,BERGEN,4601,Damsgårdsveien 167,5160,LAKSEVÅG,www.rutledalelektro.no,,55 92 94 06,15.0,2023-09-06
935747694,S DALE DRIFT,43.210,Elektroinstallasjon,BERGEN,4601,Vognstølen 37,5096,BERGEN,,,,,
825607862,SAMDAL DRIFT & VEDLIKEHOLD,43.210,Elektroinstallasjon,BERGEN,4601,c/o Anders Samdal Hausdalsvegen 453,5229,KALANDSEIDET,,,,,
927785862,SANCRIS FIBERTEKNIK NUF,43.210,Elektroinstallasjon,,,Sjöbovägen 31,,SE-247 62 VEBERÖD,,sancris.fiberteknik@gmail.com,,,
938344396,SC - CONTROL S.R.O.,43.210,Elektroinstallasjon,,,Land Registry No. 133,,CZ-543 44 CERNY DUL,,hello.legal@aider.no,,,
858458382,SCAN HEIS AS,43.210,Elektroinstallasjon,BERGEN,4601,Nordåsdalen 26,5235,RÅDAL,,atle.helland@scanheis.no,55 92 26 00,33.0,1990-08-30
920988008,SCANDNETWORKS ADOMAVICIUS,43.210,Elektroinstallasjon,BERGEN,4601,Kirkebirkeland 66A,5227,NESTTUN,,,,,
834510952,SERVICE ANDREASSEN,43.210,Elektroinstallasjon,BERGEN,4601,Søråshøgda 222,5235,RÅDAL,,,,,
966291192,SERVICE ELEKTRIKEREN AS,43.210,Elektroinstallasjon,BERGEN,4601,Dag Hammarskjölds vei 109,5144,FYLLINGSDALEN,,firmapost@se-el.no,55 21 05 70,40.0,1993-03-18
927229927,SINDRE HELLAND AS,43.210,Elektroinstallasjon,BERGEN,4601,c/o Sindre Helland Tertneshøyden 10,5113,TERTNES,,,,,2021-05-06
989538322,SK 72 INVEST AS,43.210,Elektroinstallasjon,BERGEN,4601,Hardangervegen 72,5224,NESTTUN,,,,,2006-02-23
966142987,SKUTLE ELEKTRONIKK SERVICE,43.210,Elektroinstallasjon,BERGEN,4601,Sørlia 11,5223,NESTTUN,www.skutleelektronikk.no,gskutle@gmail.com,55 13 20 40,,
989412825,SKAAR ELEKTRO SERVICE AS,43.210,Elektroinstallasjon,BERGEN,4601,Slåtthaugvegen 46,5222,NESTTUN,,skaa-e@online.no,55 13 12 76,,2006-01-26
985727139,SLETTEN ELEKTRO AS,43.210,Elektroinstallasjon,BERGEN,4601,Østre Nesttunvegen 16,5221,NESTTUN,,,55 94 67 00,22.0,2003-05-06
933113035,SLS ELEKTRO AS,43.210,Elektroinstallasjon,BERGEN,4601,Nipedalen 37,5164,LAKSEVÅG,,,,17.0,2024-02-26
925206679,SMART ELEKTRONIKK AS,43.210,Elektroinstallasjon,BERGEN,4601,Sandslimarka 63,5254,SANDSLI,,,,,2020-06-07
938206929,SMART ELEKTRONIKK AS KONKURSBO,43.210,Elektroinstallasjon,BERGEN,4601,Sandslimarka 63,5254,SANDSLI,,,,,2026-08-04
918578552,SMART TEKNOLOGI & ELEKTRO AS,43.210,Elektroinstallasjon,BERGEN,4601,Sandslimarka 63,5254,SANDSLI,,,,6.0,2017-01-29
931850903,SOLAR ELITEN NORGE AS,43.210,Elektroinstallasjon,BERGEN,4601,Toppevegen 89,5136,MJØLKERÅEN,,,,,2023-06-19
932491478,SPINNAKER WEST AS TVANGSAVVIKLINGSBO,43.210,Elektroinstallasjon,BERGEN,4601,Vollane 28,5105,EIDSVÅG I ÅSANE,,,,,2023-11-21
835962202,SPLICEGROUP EUROPE LIMITED,43.210,Elektroinstallasjon,,,"The Coach House, Whitehall Road Drighlington",,BRADFORD WEST YORKSHIRE BD11 1LN,,,,,
918907440,SSB AS,43.210,Elektroinstallasjon,BERGEN,4601,Grendatunvegen 3C,5259,HJELLESTAD,,,,,2017-04-03
984447647,STAR ELEKTRO AS,43.210,Elektroinstallasjon,BERGEN,4601,Slettebakksveien 84A,5093,BERGEN,star-elektro.no,firma@star-elektro.no,55 57 79 50,18.0,2002-04-19
993397652,STEL EIENDOM A/S,43.210,Elektroinstallasjon,BERGEN,4601,c/o Star Elektro AS Slettebakksveien 84A,5093,BERGEN,,,55 57 79 50,,2008-11-05
935465559,STOKKAN ELEKTRO AS,43.210,Elektroinstallasjon,BERGEN,4601,Birkelundsbakken 10,5231,PARADIS,,,,,2025-04-29
912702421,SUN ELEKTROSERVICE SIVAKUMARAN SUNDARAM,43.210,Elektroinstallasjon,BERGEN,4601,Einerhaugen 10C,5141,FYLLINGSDALEN,,sivakumaran.sundaram@bkkfiber.no,,,
916097603,SYSTEM TECHNIC SOLUTION AS,43.210,Elektroinstallasjon,BERGEN,4601,Kolstibotn 14,5098,BERGEN,,,,,2015-10-05
937849389,SYSTEM TECHNIC SOLUTION AS TVANGSAVVIKLINGSBO,43.210,Elektroinstallasjon,BERGEN,4601,Kolstibotn 14,5098,BERGEN,,,,,2026-06-08
830193952,SØVIKNES INVEST AS,43.210,Elektroinstallasjon,BERGEN,4601,Ekerdalen 11C,5251,SØREIDGREND,,,,,2022-09-29
986891676,T G SERVICES Tor Åge Gjernes,43.210,Elektroinstallasjon,BERGEN,4601,Søråshøgda 110,5235,RÅDAL,,,90016740,,
999339840,TANSØ TD INST.,43.210,Elektroinstallasjon,BERGEN,4601,Klauvsteinen 70,5146,FYLLINGSDALEN,,ole.tanso@gmail.com,55 94 67 53,,
927141159,TARANGER SOLUTION,43.210,Elektroinstallasjon,BERGEN,4601,Drotningsvikveien 58A,5179,GODVIK,,,,,
995763273,TB TEKNIKK Terje Berge,43.210,Elektroinstallasjon,BERGEN,4601,Sandslimarka 275,5254,SANDSLI,,terje.berge@c2i.net,90 01 76 20,,
918381260,TECHAIR AS,43.210,Elektroinstallasjon,BERGEN,4601,Jordalsveien 265,5105,EIDSVÅG I ÅSANE,,talstadheim@gmail.com,926 21 319,6.0,2017-01-05
932240793,TELE2TAL AS,43.210,Elektroinstallasjon,BERGEN,4601,Seksjon 5 Hylkjeflaten 40,5109,HYLKJE,,,,7.0,2023-09-20
936004571,THELS AS,43.210,Elektroinstallasjon,BERGEN,4601,c/o Stig Thorbjørnsen Myrdalskogen 304,5117,ULSET,,,901 21 561,,2025-07-18
937110634,THIEM SOLUTIONS,43.210,Elektroinstallasjon,BERGEN,4601,Strimmelen 3,5097,BERGEN,,,,,
933598985,THOMAS EIDE,43.210,Elektroinstallasjon,BERGEN,4601,Folldalslia 8,5239,RÅDAL,,,,,
928183408,THOR RAFTO ELEKTROKONSULENT,43.210,Elektroinstallasjon,BERGEN,4601,Nøstegaten 50B,5011,BERGEN,,,,,
930181099,THORBJØRNSEN ELEKTROSERVICE,43.210,Elektroinstallasjon,BERGEN,4601,Myrdalskogen 304,5117,ULSET,,thorbjornsenelektroservice@gmail.com,,,
913406877,TRES HOLDING AS,43.210,Elektroinstallasjon,BERGEN,4601,Kanalveien 54,5068,BERGEN,,,,,2014-02-12
993287369,TRM SOLHEIM AS,43.210,Elektroinstallasjon,BERGEN,4601,c/o Star Elektro AS Slettebakksveien 84A,5093,BERGEN,,,,,2008-09-22
985402728,TUFTE ELEKTROAUTOMATISJON,43.210,Elektroinstallasjon,BERGEN,4601,Øvre Lyngbø 18,5164,LAKSEVÅG,,,55 94 04 31,,
917027781,URHEIMS ELEKTROKOMPANI AS,43.210,Elektroinstallasjon,BERGEN,4601,Christian Michelsens gate 9,5012,BERGEN,,,55 90 44 20,9.0,1975-03-07
935886600,VADIMS HARJKOVS MULTIHÅNDVERK & EL-TJENESTER,43.210,Elektroinstallasjon,BERGEN,4601,Tellevikvegen 200B,5108,HORDVIK,,,,,
991921974,VEST ELEKTRISKE AS,43.210,Elektroinstallasjon,BERGEN,4601,Folke Bernadottes vei 52,5147,FYLLINGSDALEN,,,,,2007-09-27
935667690,VEST ELEKTROSERVICE AS,43.210,Elektroinstallasjon,BERGEN,4601,Storaneset 12,5260,INDRE ARNA,,,,,2025-05-09
948109298,ÅRSETH ELEKTRO AS,43.210,Elektroinstallasjon,BERGEN,4601,Leirvikåsen 41A,5179,GODVIK,,,55 93 25 70,5.0,1988-07-25
930730793,ÅSANE TEKNISKE GRUPPE ELEKTRO AS,43.210,Elektroinstallasjon,BERGEN,4601,Salhusvegen 55,5131,NYBORG,,,,25.0,2023-01-03
931308750,ÅSANE TEKNISKE GRUPPE INVEST AS,43.210,Elektroinstallasjon,BERGEN,4601,Salhusvegen 55,5131,NYBORG,,,,,2023-03-16
980464652,A LIEN MONTASJE,43.320,Snekkerarbeid/tømrer,BERGEN,4601,Morvikbotn 168,5122,MORVIK,,liten.arthur@gmail.com,55 19 36 37,,
832203602,A.K.K. SYSTEMS C/ KOROSEVSKIS,43.320,Snekkerarbeid/tømrer,BERGEN,4601,Skålevikveien 60,5178,LODDEFJORD,,,,,
998490170,A.N CONSULTING AS,43.320,Snekkerarbeid/tømrer,BERGEN,4601,Vestre Rå 2,5239,RÅDAL,,,938 96 144,,2012-06-06
919948841,ABBADY BYGGER UTEN GRENSER AS,43.320,Snekkerarbeid/tømrer,BERGEN,4601,Straumesvingen 57,5151,STRAUMSGREND,byggerutengrenser.no,hatemadf@hotmail.com,479 58 508,,2017-11-13
936343244,ADRIANBYGGER AS,43.320,Snekkerarbeid/tømrer,BERGEN,4601,Kringlebotn 311,5225,NESTTUN,,adrian.ommedal2004@gmail.com,478 71 484,,2025-10-01
927208784,AIDAS AS,43.320,Snekkerarbeid/tømrer,BERGEN,4601,Ytrebygdsvegen 140,5252,SØREIDGREND,,,,,2021-05-13
816204372,AKASIA GRAVSTELL AS,43.320,Snekkerarbeid/tømrer,BERGEN,4601,Johan Berentsens vei 109,5163,LAKSEVÅG,www.akasia.no,post@akasia.no,55 59 39 00,6.0,2015-10-29
937442025,ALBINA AS,43.320,Snekkerarbeid/tømrer,BERGEN,4601,Mjeldheimskleiva 75,5261,INDRE ARNA,,,,,2026-03-10
929443888,ALION BYGG AS,43.320,Snekkerarbeid/tømrer,BERGEN,4601,Øvre Kråkenes 63C,5152,BØNES,,,,,2022-04-23
931962094,ALLERØD TJENESTER,43.320,Snekkerarbeid/tømrer,BERGEN,4601,Bakkegaten 10,5032,BERGEN,,,,,
931207202,ALPHA UTILITY BY DANIELSEN,43.320,Snekkerarbeid/tømrer,BERGEN,4601,Stokkedalen 27,5151,STRAUMSGREND,,,,,
937452411,ALTENA SERVICES AS,43.320,Snekkerarbeid/tømrer,BERGEN,4601,Skaretoppen 9,5174,MATHOPEN,,,,,2026-03-15
937284497,ALTENA SERVICES HOLDING AS,43.320,Snekkerarbeid/tømrer,BERGEN,4601,Skaretoppen 9,5174,MATHOPEN,,,,,2026-02-01
936570216,ALTIFIX AS,43.320,Snekkerarbeid/tømrer,BERGEN,4601,Finnbergåsen 4C,5063,BERGEN,,ovemorten@hotmail.no,97007033,,2025-11-10
981100654,ANDERSEN BYGGSERVICE,43.320,Snekkerarbeid/tømrer,BERGEN,4601,Skivebakken 22,5018,BERGEN,,oyvind@flexisite.no,55 36 76 46,,
927858657,ANDREAS WIK,43.320,Snekkerarbeid/tømrer,BERGEN,4601,Øvre Fyllingsveien 98,5146,FYLLINGSDALEN,,,,,
932560798,ANDREJUS ROMANOVICIUS,43.320,Snekkerarbeid/tømrer,BERGEN,4601,Tertneshøyden 25,5113,TERTNES,,,,,
929892135,ANGELSEN BYGGSERVICE,43.320,Snekkerarbeid/tømrer,BERGEN,4601,Gosen 87,5253,SANDSLI,,sveinangel@hotmail.no,464 20 079,,
897947722,ANGI BYGG ANDRZEJ GISZEL,43.320,Snekkerarbeid/tømrer,BERGEN,4601,Inndalsveien 38,5063,BERGEN,,,,,
993095133,AREK BYGGTJENESTER,43.320,Snekkerarbeid/tømrer,BERGEN,4601,Nordstrandvegen 8,5265,YTRE ARNA,,,96857180,,
923234314,ARIGRO ARILD GRØNNING,43.320,Snekkerarbeid/tømrer,BERGEN,4601,Vardeveien 92B,5141,FYLLINGSDALEN,,arildgroenning@gmail.com,981 77 360,,
970008098,ARNE WOLLMANN BYGGMESTER,43.320,Snekkerarbeid/tømrer,BERGEN,4601,Haukedalsbotn 68A,5119,ULSET,,,90178728,,
933668142,ASGHARI HÅNDVERK,43.320,Snekkerarbeid/tømrer,BERGEN,4601,Brønndalen 28,5176,LODDEFJORD,,,,,
936716563,ATLAS UTVIKLING AS,43.320,Snekkerarbeid/tømrer,BERGEN,4601,Skiparviklia 10,5221,NESTTUN,,,,,2025-11-24
996025217,AXELSEN BYGG OG EIENDOM,43.320,Snekkerarbeid/tømrer,BERGEN,4601,Sanddalsåsen 5,5221,NESTTUN,,post@axelsenbygg.no,99 04 55 19,,
933928837,B. VEST UTVIKLING AS,43.320,Snekkerarbeid/tømrer,BERGEN,4601,Wergelandsbakken 6,5067,BERGEN,,,,,2024-08-07
836163672,BAKKE-BRANDANGER HÅNDVERK- OG RÅDGIVNINGSTJENESTER,43.320,Snekkerarbeid/tømrer,BERGEN,4601,c/o Hanne Solveig Bakke Konsul Børs' gate 9A,5006,BERGEN,,,,,
994734652,BALKONGENTREPRENØREN AS,43.320,Snekkerarbeid/tømrer,BERGEN,4601,Fantoftvegen 38,5072,BERGEN,,,977 24 060,32.0,2009-10-01
935970776,BARROS & MARTINS - CONSULTORIA E SERVIC LDA NUF,43.320,Snekkerarbeid/tømrer,,,"Avenida Dr. Nicolau Carneiro, n. 78 Cave",,4590-612 PACOS DE FERREIRA,,,,,
936567452,BAUGE SERVICE,43.320,Snekkerarbeid/tømrer,BERGEN,4601,Kvernabekkvegen 77A,5243,FANA,,,,,
935692660,BERGEN BYGG OG DESIGN AS,43.320,Snekkerarbeid/tømrer,BERGEN,4601,Skuteviksbodene 22,5035,BERGEN,,,,6.0,2025-06-06
929419197,BERGEN BYGG OG HAGE AS,43.320,Snekkerarbeid/tømrer,BERGEN,4601,Unnelandsvegen 351,5268,HAUKELAND,,,,5.0,2022-06-01
937000766,BERGEN BYGG OG VÅTROM AS,43.320,Snekkerarbeid/tømrer,BERGEN,4601,Nesmyren 4,5114,TERTNES,,,,12.0,2026-01-01
923732551,BERGEN BYGG SERVICE OG LOGISTIKK GOMES,43.320,Snekkerarbeid/tømrer,BERGEN,4601,Nordre Toppe 51,5136,MJØLKERÅEN,,,,,
986670688,BERGEN BYGG SYSTEM AS,43.320,Snekkerarbeid/tømrer,BERGEN,4601,Heiane 2,5131,NYBORG,www.bergenbyggsystem.no,post@bergenbyggsystem.no,55 70 67 77,25.0,2004-03-02
932499029,BERGEN BYGG TEAM AS,43.320,Snekkerarbeid/tømrer,BERGEN,4601,Kvernslåttvegen 46,5237,RÅDAL,,,,6.0,2023-10-03
921658230,BERGEN GJERDEMONTERING,43.320,Snekkerarbeid/tømrer,BERGEN,4601,Garnesvegen 130,5264,GARNES,,,,,
992167785,BERGEN GLASS AS,43.320,Snekkerarbeid/tømrer,BERGEN,4601,Kvamsvegen 112,5265,YTRE ARNA,,,55 24 89 89,,2008-01-01
925459925,BERGEN HUS TEAM AS,43.320,Snekkerarbeid/tømrer,BERGEN,4601,Kvernslåttvegen 46,5237,RÅDAL,,,,6.0,2020-07-16
914930073,BERGEN KJØKKENMONTERING MARCO GONZALEZ,43.320,Snekkerarbeid/tømrer,BERGEN,4601,Vassteigen 104,5141,FYLLINGSDALEN,,porteno168@hotmail.com,472 34 610,,
923564802,BERGEN MINIBYGG ANDREAS OLSEN KORNELIUSSEN,43.320,Snekkerarbeid/tømrer,BERGEN,4601,Fosswinckels gate 32A,5008,BERGEN,,,,,
918914994,BERGEN OPERATING - A.NICHITEAN,43.320,Snekkerarbeid/tømrer,BERGEN,4601,Løbergsveien 97F,5073,BERGEN,,costa.nichitean@yahoo.com,96715485,,
994549383,BERO HOLDING AS,43.320,Snekkerarbeid/tømrer,BERGEN,4601,Hjellestadvegen 72,5258,BLOMSTERDALEN,,,,,2009-09-11
934362195,BETONGMANNEN MODOU SÅ MÅDU AS,43.320,Snekkerarbeid/tømrer,BERGEN,4601,Morvikbotn 240,5122,MORVIK,,,,,2024-10-05
928703592,BJARTE BREKKE INVEST AS,43.320,Snekkerarbeid/tømrer,BERGEN,4601,Hylkjelia 3,5109,HYLKJE,,,,,2022-01-01
915661890,BJØRN LARS TEIGE / OSOS TEKNISKE TJENESTER,43.320,Snekkerarbeid/tømrer,BERGEN,4601,Kvernevika 9,5114,TERTNES,,bjolate@gmail.com,926 39 676,,
930882968,BLINDHEIM SERVICE AS,43.320,Snekkerarbeid/tømrer,BERGEN,4601,Kvamsvegen 149,5265,YTRE ARNA,,,,,2023-01-23
936576974,BLITZGIPS AS,43.320,Snekkerarbeid/tømrer,BERGEN,4601,Skeielia 51,5239,RÅDAL,,,,,2025-10-20
925148016,BLOMSTERDALEN BIL OG BYGGSERVICE AS,43.320,Snekkerarbeid/tømrer,BERGEN,4601,Fleslandsvegen 112B,5258,BLOMSTERDALEN,,,,,2020-05-04
838455182,BOSTANCI VEST BYGG,43.320,Snekkerarbeid/tømrer,BERGEN,4601,Søndre Skogveien 38,5055,BERGEN,,,,,
931471228,BRUZAS JULIUS BYGG,43.320,Snekkerarbeid/tømrer,BERGEN,4601,Liakroken 2,5132,NYBORG,,,,,
915531415,BRUAAS VEDLIKEHOLDSFRIE GJERDER,43.320,Snekkerarbeid/tømrer,BERGEN,4601,Harald Skjolds veg 20A,5236,RÅDAL,,,,,
832219452,BS INNREDNING ENK SKAAR,43.320,Snekkerarbeid/tømrer,ØYGARDEN,4626,Bjørkestølen 44,5353,STRAUME,,,,,
934184238,BSG BYGGESERVICE GROSS ENK,43.320,Snekkerarbeid/tømrer,BERGEN,4601,Gaupåsvegen 330,5131,NYBORG,,villemgross@gmail.com,41215850,,
928515052,BUHANCEVS MALBERG.NO,43.320,Snekkerarbeid/tømrer,BERGEN,4601,Bjørndalsskogen 51,5170,BJØRNDALSTRÆ,malberg.no,info@malberg.no,984 80 078,,
938278075,BURAJEVS HOUSE,43.320,Snekkerarbeid/tømrer,BERGEN,4601,Bahusstraumen 33,5229,KALANDSEIDET,,,,,
923457836,BYGG & TILKOMSTTEKNIKK RAFAL GINTER,43.320,Snekkerarbeid/tømrer,BERGEN,4601,Hordagaten 44,5055,BERGEN,,rafalginter4@gmail.com,462 51 659,,
827833592,BYGG MC MANAILA,43.320,Snekkerarbeid/tømrer,BERGEN,4601,Mathopsveien 52,5173,LODDEFJORD,,,,,
989843419,BYGG OG INTERIØRTJENESTER VEST Haso Music,43.320,Snekkerarbeid/tømrer,BERGEN,4601,Hardangervegen 108A,5226,NESTTUN,,,97046234,,
916587392,BYGG OG MONTERING HAUKELAND,43.320,Snekkerarbeid/tømrer,BERGEN,4601,Traudalen 12,5145,FYLLINGSDALEN,,,,,
931421360,BYGG REHABILITERING BARDHAJ,43.320,Snekkerarbeid/tømrer,BERGEN,4601,Tuftadalen 31C,5265,YTRE ARNA,Www.posh-rehab.no,kontakt@posh-rehub.no,462 72 511,,
924926465,BYGGBO HÅNDTVERK TJENESTER KÅRE MAGNUS IVERSEN,43.320,Snekkerarbeid/tømrer,BERGEN,4601,Breimyra 86,5134,FLAKTVEIT,,,,,
934510704,BYGGETJENESTER EGIDIJUS DAMBRAUSKAS,43.320,Snekkerarbeid/tømrer,BERGEN,4601,Eidsvågveien 97,5105,EIDSVÅG I ÅSANE,,,,,
936347282,BYGGKRAFT AS,43.320,Snekkerarbeid/tømrer,BERGEN,4601,Hausdalsvegen 123,5229,KALANDSEIDET,,,,6.0,2025-09-01
986819037,BYGGM. O. TORSVIK,43.320,Snekkerarbeid/tømrer,BERGEN,4601,Rollandslia 48,5115,ULSET,,,91690290,,
970052933,BYGGMESTER ARVE AUSTEVOLL,43.320,Snekkerarbeid/tømrer,BERGEN,4601,Bontveitvegen 51,5229,KALANDSEIDET,,arve-aus@online.no,55 11 94 39,,
922232415,BYGGMESTER BJARTE BREKKE AS,43.320,Snekkerarbeid/tømrer,BERGEN,4601,Hylkjelia 3,5109,HYLKJE,,,,9.0,2019-01-31
978708234,BYGGMESTER INGE BØRVE,43.320,Snekkerarbeid/tømrer,BERGEN,4601,Stemmeveien 26,5009,BERGEN,,inge_bo@online.no,55 28 09 37,,
929352661,BYGGMESTER MARLICARU,43.320,Snekkerarbeid/tømrer,BERGEN,4601,Nordre Skuteviksveien 7,5032,BERGEN,,daniel.marlicaru@gmail.com,45578330,,
914723930,BYGGMESTER REPIN ALEKSEJS REPINS,43.320,Snekkerarbeid/tømrer,BERGEN,4601,Danckert Krohns gate 1,5018,BERGEN,,repushka@gmail.com,984 10 329,,
984214499,BYGGMESTER TORE MJELDE,43.320,Snekkerarbeid/tømrer,BERGEN,4601,Bjørndalsbrotet 30,5170,BJØRNDALSTRÆ,,,55 26 64 89,,
979768451,BYGGMESTER TORMOD ESPELID AS,43.320,Snekkerarbeid/tømrer,BERGEN,4601,Nybøvegen 1,5221,NESTTUN,,,,19.0,1998-03-01
957255736,BYGGMESTERNE MOSEVOLL AS,43.320,Snekkerarbeid/tømrer,OSTERØY,4630,Horsåsvegen 1,5281,VALESTRANDSFOSSEN,,,56 39 47 97,,1990-01-04
935623693,BYGGOGMØBLERS ORLOWSKI,43.320,Snekkerarbeid/tømrer,BERGEN,4601,Skarehaugene 18,5174,MATHOPEN,,,,,
938503958,BYGGSERVICE CURCEAN,43.320,Snekkerarbeid/tømrer,BERGEN,4601,Hagevegen 20,5268,HAUKELAND,,,,,
937255438,BYGGSERVICE GREG AS,43.320,Snekkerarbeid/tømrer,BERGEN,4601,Hardangervegen 194,5226,NESTTUN,,,,,2026-01-19
931245015,BYGGSERVICE VITOLS,43.320,Snekkerarbeid/tømrer,BERGEN,4601,Nebbestølen 51,5144,FYLLINGSDALEN,,,,,
918928510,BØE BYGG ANLEGG,43.320,Snekkerarbeid/tømrer,BERGEN,4601,Sørhagen 5,5268,HAUKELAND,,,915 87 165,,
994549367,CAR-BO GARASJEPORTER AS,43.320,Snekkerarbeid/tømrer,BERGEN,4601,Hjellestadvegen 72,5258,BLOMSTERDALEN,,,55 11 42 10,13.0,2009-09-11
936705359,CAR-BO HOLDING AS,43.320,Snekkerarbeid/tømrer,BERGEN,4601,Hjellestadvegen 72,5258,BLOMSTERDALEN,,,,,2025-09-26
935694426,CARPENTER SERVICES GRUNDMANIS,43.320,Snekkerarbeid/tømrer,BERGEN,4601,Buskavegen 30,5244,FANA,,,,,
931421050,CHRISTOPHE LOPEZ ALTMULIGMANNSTJENESTER,43.320,Snekkerarbeid/tømrer,BERGEN,4601,Krohnengsgaten 47,5031,BERGEN,,,,,
826871342,D&A HOME SOLUTION NEGRUT,43.320,Snekkerarbeid/tømrer,BERGEN,4601,Nansens vei 27,5063,BERGEN,,,,,
930773654,DABROWSKI KONSTRUKSJON BYGG,43.320,Snekkerarbeid/tømrer,BERGEN,4601,Nedre Nattland 9,5099,BERGEN,,gdabrowski@poczta.onet.pl,+48535903313,,
935581389,DAMLI UTLEIE & TJENESTER,43.320,Snekkerarbeid/tømrer,BERGEN,4601,Øvre Fantoftåsen 59,5072,BERGEN,,,,,
921125666,DARIHUS BYGGSERVICE AS,43.320,Snekkerarbeid/tømrer,BERGEN,4601,Repelen 43,5239,RÅDAL,,,,6.0,2018-04-18
920729479,DOMINIK MILCIK,43.320,Snekkerarbeid/tømrer,BERGEN,4601,Lille Damsgårdsveien 35B,5162,LAKSEVÅG,,,,,
970468536,DROTNINGSVIK SVEIN BYGGMESTER,43.320,Snekkerarbeid/tømrer,BERGEN,4601,Janaveien 229,5179,GODVIK,,svedrot@online.no,971 62 303,,
970272747,DYNGELAND SNEKKERSERV F VASSDAL,43.320,Snekkerarbeid/tømrer,BERGEN,4601,Dyngelandseidet 26,5226,NESTTUN,,fre-vas@online.no,55 10 19 51,,
996534545,EDGARS RUNDZANS,43.320,Snekkerarbeid/tømrer,BERGEN,4601,Sanddalsringen 231,5225,NESTTUN,,,,,
889886722,ENCASA AS,43.320,Snekkerarbeid/tømrer,BERGEN,4601,Arnatveitvegen 137,5262,ARNATVEIT,,,93498665,9.0,2006-04-24
938385092,ENGEVIK BYGG AS,43.320,Snekkerarbeid/tømrer,BERGEN,4601,Stølsvegen 134,5262,ARNATVEIT,,,,,2026-08-18
923261982,ENIGMA KREATIVNE RESITVE D.O.O,43.320,Snekkerarbeid/tømrer,,,Podbreznik 11,,SI-8000 NOVA MESTO,,,,,
970354891,ERIK AHMER,43.320,Snekkerarbeid/tømrer,BERGEN,4601,Viddalen 36,5122,MORVIK,,,,,
987031557,ERIK HAGESÆTER NYTT BYGG,43.320,Snekkerarbeid/tømrer,BERGEN,4601,Søvikhaugen 38,5251,SØREIDGREND,,ejohages@online.no,55 10 70 33,,
915223486,EVANDY EVIJA ABOLINA,43.320,Snekkerarbeid/tømrer,BERGEN,4601,c/o Evija Abolina-Kelpe Bontveitvegen 288,5229,KALANDSEIDET,,va-vallos@inbox.lv,92 50 20 83,,
932734486,FALANG HÅNDVERK,43.320,Snekkerarbeid/tømrer,BERGEN,4601,Svaneviksveien 11,5063,BERGEN,,,,,
927412780,FANA BUILDING V/ DEREVLEAN,43.320,Snekkerarbeid/tømrer,BERGEN,4601,Øvre Kråkenes 65A,5152,BØNES,,,,,
926437534,FANA INNREDNING OG MONTASJE PAWEL GOLASZEWSKI,43.320,Snekkerarbeid/tømrer,BERGEN,4601,Kalvaneset 71,5244,FANA,,,,,
884953332,FAR I HUSET HANSEN,43.320,Snekkerarbeid/tømrer,BERGEN,4601,Kråkenestoppen 86,5153,BØNES,,,55 12 49 90,,
937196873,FIGUEIRA HÅNDVERKERTJENESTER,43.320,Snekkerarbeid/tømrer,BERGEN,4601,Thormøhlens gate 14,5006,BERGEN,,,,,
934606329,FIKSEREN AS,43.320,Snekkerarbeid/tømrer,BERGEN,4601,Granveien 6E,5067,BERGEN,,,,,2024-11-27
913734181,FIRMA BYGG HRYN GRZEGORZ,43.320,Snekkerarbeid/tømrer,BERGEN,4601,Sandslimarka 44,5254,SANDSLI,,grzegorz.hryn@gmail.com,96713358,,
988029238,FJELDSTAD & CO.,43.320,Snekkerarbeid/tømrer,BERGEN,4601,Gabriel Tischendorfs vei 27,5162,LAKSEVÅG,,arnefje123@gmail.com,98 28 24 46,,
837566622,FJELLTVEIT SERVICE,43.320,Snekkerarbeid/tømrer,BERGEN,4601,Kismulvegen 83,5229,KALANDSEIDET,,,,,
933599906,FL GRECKI,43.320,Snekkerarbeid/tømrer,BERGEN,4601,Breiviksveien 14,5042,BERGEN,,,,,
835729702,FLEXI SERVICE AS KONKURSBO,43.320,Snekkerarbeid/tømrer,ØYGARDEN,4626,Vestrepollsvegen 20,5177,BJØRØYHAMN,,,,,2025-06-23
928100960,FLIPPER HOLDING AS,43.320,Snekkerarbeid/tømrer,BERGEN,4601,Granveien 6E,5067,BERGEN,,,,,2021-10-20
934100611,FLIS OG HUS RENOVERING AS,43.320,Snekkerarbeid/tømrer,BERGEN,4601,Peter Jebsens veg 111,5265,YTRE ARNA,,,,,2024-09-11
936697259,FLØLO FRESHFRONT,43.320,Snekkerarbeid/tømrer,BERGEN,4601,Nygårdsmyren 27,5165,LAKSEVÅG,,,,,
923403914,FORMIDEN OLE IDEN,43.320,Snekkerarbeid/tømrer,BERGEN,4601,Nattlandsfjellet 57,5098,BERGEN,,,,,
987052295,FRODE MARTIN SKEISTRAND,43.320,Snekkerarbeid/tømrer,BERGEN,4601,Sjøkrigsskoleveien 10A,5165,LAKSEVÅG,,,91776653,,
930719056,FURMAN BYGG OG BLIKKENSLAGERSERVICE AS,43.320,Snekkerarbeid/tømrer,BERGEN,4601,Hjortlandsvegen 114,5135,FLAKTVEIT,,,,,2023-01-05
911896192,FYLLINGEN BYGGSERVICE AS,43.320,Snekkerarbeid/tømrer,BERGEN,4601,Rosenlundveien 32,5146,FYLLINGSDALEN,,fyllingenbyggservice@hotmail.com,,,2013-02-18
931815849,G. TEIGLAND,43.320,Snekkerarbeid/tømrer,BERGEN,4601,Vågedalen 33,5163,LAKSEVÅG,,,,,
998690773,GABRIELSEN BYGG OG HAGE,43.320,Snekkerarbeid/tømrer,BERGEN,4601,Bønesberget 8,5153,BØNES,,rubengabrielsen@live.no,99646229,,
998321239,GARNES PROSJEKT,43.320,Snekkerarbeid/tømrer,BERGEN,4601,Garnestangen 13,5264,GARNES,,gp@bkkfiber.no,994 83 014,,
933936279,GARRIDO AS,43.320,Snekkerarbeid/tømrer,BERGEN,4601,Nordheimsvegen 20A,5243,FANA,,,,8.0,2024-08-07
921406576,GD MASTER. DOMKUS,43.320,Snekkerarbeid/tømrer,BERGEN,4601,Hardangervegen 225,5226,NESTTUN,,,,,
980117839,GEIR OLAV SØNNESYN,43.320,Snekkerarbeid/tømrer,BERGEN,4601,Skjoldlia 20,5236,RÅDAL,,,55 13 50 85,,
974692414,GEIR TONNING,43.320,Snekkerarbeid/tømrer,BERGEN,4601,Ulsberglia 31,5135,FLAKTVEIT,,,55 19 22 66,,
927009692,GERHARDSEN SERVICE,43.320,Snekkerarbeid/tømrer,BERGEN,4601,c/o Malvin Gerhardsen Elgvegen 33,5236,RÅDAL,,,,,
933243257,GJELLESTAD NORDIC HOLDING AS,43.320,Snekkerarbeid/tømrer,BERGEN,4601,Damsgårdsveien 69,5058,BERGEN,,,,,2024-03-15
925814067,GOLDEN BYGG 1 AS,43.320,Snekkerarbeid/tømrer,BERGEN,4601,Hausdalsvegen 123,5229,KALANDSEIDET,,,,,2020-09-21
920963366,GOLDEN BYGG AS,43.320,Snekkerarbeid/tømrer,BERGEN,4601,Hausdalsvegen 123,5229,KALANDSEIDET,,,,,2018-05-27
931418599,GOODTIME RENTAL AS,43.320,Snekkerarbeid/tømrer,BERGEN,4601,Allégaten 14,5007,BERGEN,,,,,2023-05-02
824002622,GROVSNEKKEREN LARS GROV NILSEN,43.320,Snekkerarbeid/tømrer,BERGEN,4601,Hjellestadvegen 52,5258,BLOMSTERDALEN,,,,,
938493308,GSC NORGE AS,43.320,Snekkerarbeid/tømrer,BERGEN,4601,Lønningsvegen 47,5258,BLOMSTERDALEN,,,,,2026-08-21
988679518,GUNDERSEN INNREDNING,43.320,Snekkerarbeid/tømrer,BERGEN,4601,Storrinden 71,5252,SØREIDGREND,,gunnar.gundersen@start.no,55 12 08 63,,
987568054,H.C. ROHDE ANLEGG OG VEDLIKEHOLD,43.320,Snekkerarbeid/tømrer,BERGEN,4601,Apeltunvegen 53A,5238,RÅDAL,,,55 10 41 60,,
929546369,HALVORSEN O & SØNN BYGGEFIRMA innehaver Edgar Halvorsen,43.320,Snekkerarbeid/tømrer,BERGEN,4601,Vågslien 32,5113,TERTNES,,,,,
937336993,HAMMERSLAND BYGG AS,43.320,Snekkerarbeid/tømrer,BERGEN,4601,Selvikveien 24,5106,ØVRE ERVIK,,,,,2026-02-09
997454170,HANS-ÅKE ANDERSSON,43.320,Snekkerarbeid/tømrer,BERGEN,4601,Løbergsveien 31A,5054,BERGEN,,,,,
833124242,HARALD ANDREASSEN,43.320,Snekkerarbeid/tømrer,BERGEN,4601,Vognstølen 18A,5096,BERGEN,,,,,
937942001,HAUGE SERVICE AS,43.320,Snekkerarbeid/tømrer,BERGEN,4601,Hylkjevegen 108,5109,HYLKJE,,,,,2026-06-05
994549340,HJELLESTADVEIEN 72 AS,43.320,Snekkerarbeid/tømrer,BERGEN,4601,Hjellestadvegen 72,5258,BLOMSTERDALEN,,,,,2009-09-11
992586648,HOME IMPROVEMENT ANS,43.320,Snekkerarbeid/tømrer,BERGEN,4601,Hardangervegen 697,5268,HAUKELAND,,,96856983,,2008-04-21
920174949,HORDALAND HUS & HAGE AS,43.320,Snekkerarbeid/tømrer,BERGEN,4601,Salhusvegen 55,5131,NYBORG,,,,,2017-12-01
935446813,HRYN HUS OG HAGE,43.320,Snekkerarbeid/tømrer,BERGEN,4601,Sandslimarka 44,5254,SANDSLI,,,,,
933842207,HØGI MONTERING,43.320,Snekkerarbeid/tømrer,BERGEN,4601,Myrdalskogen 26,5118,ULSET,,markushogi1@gmail.com,93406866,,
961178436,HÅKON STRAND BYGG OG MONTERING,43.320,Snekkerarbeid/tømrer,BERGEN,4601,Ytre Morvik 58,5124,MORVIK,,,55 53 00 45,,
829955962,INBUDHUS ANDRZEJ PAWLOWSKI,43.320,Snekkerarbeid/tømrer,BERGEN,4601,Skranevegen 89,5252,SØREIDGREND,,,,,
918791876,INGENIØR HOEM,43.320,Snekkerarbeid/tømrer,BERGEN,4601,Møllendalsveien 62D,5009,BERGEN,,svennovehoem@live.no,950 27 296,,
985806063,INNOMHUS AS,43.320,Snekkerarbeid/tømrer,BERGEN,4601,Midtunhaugen 13A,5224,NESTTUN,www.innomhus.no,firmapost@innomhus.no,55 57 15 00,89.0,2003-06-03
932730715,INP BYGG AS,43.320,Snekkerarbeid/tømrer,BERGEN,4601,Saudalen 116,5124,MORVIK,,,,,2023-11-04
928950875,INTER BYGG AS,43.320,Snekkerarbeid/tømrer,BERGEN,4601,Repelen 39A,5239,RÅDAL,,,,,2022-02-09
925232319,ISO-FLYT AS,43.320,Snekkerarbeid/tømrer,BERGEN,4601,Lerums vei 1,5178,LODDEFJORD,,,,,2020-06-07
931681826,IVERSEN BYGG OG EIENDOM,43.320,Snekkerarbeid/tømrer,BERGEN,4601,Våkleivåsen 8,5155,BØNES,,,,,
915799981,J.HJ.SOLSVIK,43.320,Snekkerarbeid/tømrer,BERGEN,4601,Skranevegen 39,5252,SØREIDGREND,,jsolsvik@gmail.com,907 21 764,,
990539324,JACEK MODRZEJEWSKI,43.320,Snekkerarbeid/tømrer,BERGEN,4601,Breivik Tankanlegg,5171,LODDEFJORD,,,96688661,,
929716019,JACEK SIUDA,43.320,Snekkerarbeid/tømrer,BERGEN,4601,Hagerups vei 99,5067,BERGEN,,,,,
915618006,JARLE G TORNES,43.320,Snekkerarbeid/tømrer,BERGEN,4601,Nordåsbrotet 121,5235,RÅDAL,,,,,
936898300,JERAD BYGG & VEDLIKEHOLD,43.320,Snekkerarbeid/tømrer,BERGEN,4601,Skjoldlia 16,5236,RÅDAL,,,,,
918859586,JERRY BYGG JAROSLAW PAWEL RACZKOWSKI,43.320,Snekkerarbeid/tømrer,BERGEN,4601,Søndre Øyjorden 61,5038,BERGEN,,,,,
823960832,JIRKA SERVICE - JANDA,43.320,Snekkerarbeid/tømrer,BERGEN,4601,Ibsens gate 105,5052,BERGEN,,,,,
936799140,JOHANNES TSFAY,43.320,Snekkerarbeid/tømrer,BERGEN,4601,Ørnahaugen 37,5144,FYLLINGSDALEN,,,,,
923428534,JOHANNESEN ISOLERING,43.320,Snekkerarbeid/tømrer,BERGEN,4601,Flaktveitsvingane 5,5135,FLAKTVEIT,,,,,
935386276,JOHANNESSEN BYGG & BOLIG,43.320,Snekkerarbeid/tømrer,BERGEN,4601,Helgeplasset 17,5148,FYLLINGSDALEN,,,,,
929672003,JONSSON VEDLIKEHOLD,43.320,Snekkerarbeid/tømrer,BERGEN,4601,Nordre Gommershaugen 36B,5254,SANDSLI,,,,,
936340784,JW GOSZCZYNSKI BYGG,43.320,Snekkerarbeid/tømrer,BERGEN,4601,Statsminister Michelsens veg 62,5230,PARADIS,,,,,
986053611,K BOGNØY TØMRERFIRMA,43.320,Snekkerarbeid/tømrer,BERGEN,4601,Kollåslia 10,5116,ULSET,,,55 19 30 52,,
986268413,K KRISTENSEN BYGG AS,43.320,Snekkerarbeid/tømrer,BERGEN,4601,Nedre Kirkebirkeland 12,5227,NESTTUN,,post@kkristensenbygg.no,908 31 607,6.0,2003-11-01
925592102,KAROL CYL KCBYGGTJENESTER,43.320,Snekkerarbeid/tømrer,BERGEN,4601,Stallavegen 1B,5226,NESTTUN,,,,,
976359224,KENNETH HERDLEVÆR,43.320,Snekkerarbeid/tømrer,BERGEN,4601,Åmundsdalen 127,5115,ULSET,,,55 18 80 57,,
978660436,KERO DALE AS,43.320,Snekkerarbeid/tømrer,BERGEN,4601,Solbakken 13,5038,BERGEN,,,56 59 66 88,,1997-05-27
970119949,KJELL NYSTED,43.320,Snekkerarbeid/tømrer,BERGEN,4601,Mannsverk 4,5094,BERGEN,,,97736590,,
989195360,KJEMA AS,43.320,Snekkerarbeid/tømrer,BERGEN,4601,Knøsesmauet 22,5011,BERGEN,,,,,2005-12-16
933221679,KJERPESETH BYGG OG VEDLIKEHOLD,43.320,Snekkerarbeid/tømrer,BERGEN,4601,Sundby-Hvorups vei 18,5178,LODDEFJORD,,kjerpesethbygg@hotmail.com,900 37 029,,
987940808,KJETIL BERGITON SVÅSAND,43.320,Snekkerarbeid/tømrer,BERGEN,4601,Osvegen 381,5229,KALANDSEIDET,,ksvasand@broadpark.no,55 90 00 00,,
992832495,KJØKKENSPESIALISTEN STEFFEN WEYRAUCH,43.320,Snekkerarbeid/tømrer,BERGEN,4601,Hovdenvegen 12,5221,NESTTUN,,weyrauch_norge@web.de,977 75 153,,
998570549,KMR MONTASJE AS,43.320,Snekkerarbeid/tømrer,BERGEN,4601,Klasatjønnveien 23,5172,LODDEFJORD,,,,,2012-06-12
937398948,KNUDSEN MONTERINGSERVICE,43.320,Snekkerarbeid/tømrer,BERGEN,4601,Kirsten Flagstads vei 38B,5146,FYLLINGSDALEN,,,,,
970469451,KNUTSEN ERNST BYGGFIRMA,43.320,Snekkerarbeid/tømrer,BERGEN,4601,Professor Hansteens gate 88,5006,BERGEN,,ernst.jacob.knutsen@hl.telia.no,,,
935254051,KOMFORT BYGG M. V. MIHAI,43.320,Snekkerarbeid/tømrer,BERGEN,4601,Hesjaholtveien 30,5142,FYLLINGSDALEN,,,,,
936291414,KONTRIMAS HOUSE,43.320,Snekkerarbeid/tømrer,BERGEN,4601,Bahusstraumen 33,5229,KALANDSEIDET,,,,,
936295223,KONTRIMAS HUS,43.320,Snekkerarbeid/tømrer,BERGEN,4601,Bahusstraumen 33,5229,KALANDSEIDET,,,,,
934764404,KOROLOVS CO,43.320,Snekkerarbeid/tømrer,BERGEN,4601,Troldhaugvegen 2A,5232,PARADIS,,,,,
825585702,KRIS CYL BYGG,43.320,Snekkerarbeid/tømrer,BERGEN,4601,Stallavegen 1A,5226,NESTTUN,,krisbarcafan@wp.pl,+48535573738,,
935031524,KRISTIANSEN PUSSER OPP,43.320,Snekkerarbeid/tømrer,BERGEN,4601,Brunestykket 4,5039,BERGEN,,,,,
933821374,KROSSØY SERVICE,43.320,Snekkerarbeid/tømrer,BERGEN,4601,Krohnengsgaten 23,5031,BERGEN,,,,,
834073552,KRZYSZTOF NOWACKI SNEKKER,43.320,Snekkerarbeid/tømrer,BERGEN,4601,Grimseidvegen 234,5239,RÅDAL,,,,,
936916031,KRZYSZTOF SZCZYGIEL BYGG,43.320,Snekkerarbeid/tømrer,BERGEN,4601,Kvernhusveien 31,5164,LAKSEVÅG,,,,,
938181233,KUCHTA BYGG,43.320,Snekkerarbeid/tømrer,BERGEN,4601,Sundby-Hvorups vei 2A,5178,LODDEFJORD,,,,,
935576423,"KVADRAT BYGGSERVICE, AASMUND KROHN HANSEN",43.320,Snekkerarbeid/tømrer,BERGEN,4601,Straumeveien 17C,5073,BERGEN,,a.krohn.hansen@gmail.com,93254966,,
937137869,KVALITETS BYGG AS,43.320,Snekkerarbeid/tømrer,BERGEN,4601,Hovdenvegen 11A,5221,NESTTUN,,,,,2026-01-10
937436564,LARSEN PERSONAL,43.320,Snekkerarbeid/tømrer,BERGEN,4601,Vollavegen 33B,5261,INDRE ARNA,,,,,
934960890,LIONS BYGG - LIONAS,43.320,Snekkerarbeid/tømrer,BERGEN,4601,Conrad Mohrs veg 34G,5072,BERGEN,,lionassaulius@gmail.com,99857136,,
922686483,LPE CONSTRUCT AS,43.320,Snekkerarbeid/tømrer,BERGEN,4601,Bolignummer H0101 Bjørnsons gate 26C,5059,BERGEN,,,,,2019-03-01
920669654,LUKASBYGG AS,43.320,Snekkerarbeid/tømrer,BERGEN,4601,Alvøveien 141,5179,GODVIK,,,,,2018-02-20
920423299,LUKASRENO AS,43.320,Snekkerarbeid/tømrer,BERGEN,4601,Kirsten Flagstads vei 47,5146,FYLLINGSDALEN,,,,,2018-01-23
995812142,LUKASZ SADOWSKI,43.320,Snekkerarbeid/tømrer,BERGEN,4601,Storesåta 22,5258,BLOMSTERDALEN,,,96712767,,
931269445,M CZYLKOWSKI,43.320,Snekkerarbeid/tømrer,BERGEN,4601,Jansons gate 1,5160,LAKSEVÅG,,,,,
924059869,M&L-FLISS&BYGG-SERVICE.NO MARCIN MAREK LANGE,43.320,Snekkerarbeid/tømrer,BERGEN,4601,Vågslien 14,5113,TERTNES,,,,,
936504647,MACIEJ KACPER POSIM BYGG,43.320,Snekkerarbeid/tømrer,BERGEN,4601,Apeltunhaugene 197,5238,RÅDAL,,,,,
938047669,MACIOLEK BYGGSERVICE,43.320,Snekkerarbeid/tømrer,BERGEN,4601,Fjøsangerveien 103B,5073,BERGEN,,,,,
926048295,MAGDZIAK DOMINIK TJENESTER,43.320,Snekkerarbeid/tømrer,BERGEN,4601,Ekornvegen 13,5236,RÅDAL,,,,,
923790101,MALERSERVICE DAWID AUGUSTYNIAK,43.320,Snekkerarbeid/tømrer,BERGEN,4601,Lægdesvingen 23A,5096,BERGEN,,,,,
937705506,MARIUS J. LILLETVEDT,43.320,Snekkerarbeid/tømrer,BERGEN,4601,Kolåshøyen 12,5135,FLAKTVEIT,,,,,
915288316,MARLICARU MALING OG REHABILITERING,43.320,Snekkerarbeid/tømrer,BERGEN,4601,Gabriel Tischendorfs vei 16,5162,LAKSEVÅG,,marlicaruaurel.73@gmail.lcom,94715298,,
935497884,MAROLICARU SILVIU BERGEN CONSTRUCTION,43.320,Snekkerarbeid/tømrer,BERGEN,4601,Godviksvingene 133,5179,GODVIK,,,,,
937315732,MARTIN BYGG MARCIN ORDON,43.320,Snekkerarbeid/tømrer,BERGEN,4601,Krokeidevegen 216B,5244,FANA,,,,,
932417456,MARY BYGG COMPANY ALUCANITEI,43.320,Snekkerarbeid/tømrer,BERGEN,4601,Oldernesveien 1,5163,LAKSEVÅG,,,,,
832575372,MASTER FLIS OG BYGG AS,43.320,Snekkerarbeid/tømrer,BERGEN,4601,Skjoldhøgda 8,5222,NESTTUN,,,,,2023-10-09
926811592,MASTER FLIS OG INTERIØR SZYMANSKI,43.320,Snekkerarbeid/tømrer,BERGEN,4601,Skjoldhøgda 8,5222,NESTTUN,,,,,
936031684,MATEUSZ KIELBINSKI,43.320,Snekkerarbeid/tømrer,BERGEN,4601,Storesåta 22,5258,BLOMSTERDALEN,,,,,
999132669,MCDONNELL & MANNION LIMITED,43.320,Snekkerarbeid/tømrer,BERGEN,4601,Sandviksveien 44D,5036,BERGEN,,,,,
994415492,MELLINGEN BYGG OG VEDLIKEHOLD AS,43.320,Snekkerarbeid/tømrer,BERGEN,4601,Dalavegen 202,5131,NYBORG,,,,10.0,2009-07-01
935721628,MH INTERIØR OG BOLIGFORNYING AS,43.320,Snekkerarbeid/tømrer,BERGEN,4601,Fjøsangerveien 103B,5073,BERGEN,,,,,2025-06-21
937722036,MICHAL SKRZYPCZAK BYGG,43.320,Snekkerarbeid/tømrer,BERGEN,4601,Elvenesvegen 54,5223,NESTTUN,,,,,
916646720,"MIDTUN MUR, TØMRING OG MALING AS",43.320,Snekkerarbeid/tømrer,BERGEN,4601,Midtunlia 55B,5224,NESTTUN,,,,,2016-01-18
929539648,MILDE BYGG,43.320,Snekkerarbeid/tømrer,BERGEN,4601,c/o Ole petter Milde Sandslimarka 33B,5254,SANDSLI,,,,,
963763921,MILJØ BYGG VEST AS,43.320,Snekkerarbeid/tømrer,BERGEN,4601,Kronstadveien 2A,5053,BERGEN,,mbvas@broadpark.no,90 14 14 96,,1992-03-12
917644950,MINDAUGAS VALUZIS,43.320,Snekkerarbeid/tømrer,BERGEN,4601,Øvre Kråkenes 69F,5152,BØNES,,mindise11@gmail.com,93954684,,
897997312,MODULVEGGER BERGEN AS,43.320,Snekkerarbeid/tømrer,BERGEN,4601,c/o Carl Konows gate 34 AS Carl Konows gate 34,5162,LAKSEVÅG,,,,39.0,2012-02-14
986794662,MONTERING OG HÅNDTVERKSTJENESTER FINN ERIK ARNESEN,43.320,Snekkerarbeid/tømrer,BERGEN,4601,Sletteneset 115,5258,BLOMSTERDALEN,,finn.erik.arnesen@gmail.com,917 19 921,,
917236402,MONTERINGS STYLE GRECKI,43.320,Snekkerarbeid/tømrer,BERGEN,4601,Flatane 46,5265,YTRE ARNA,,milek.wain84@wp.pl,966 90 227,,
929360176,MORTEN HAUG MONTASJE,43.320,Snekkerarbeid/tømrer,BERGEN,4601,Nordeidstølen 13,5251,SØREIDGREND,,,,,
977098440,MORTEN HERDLEVÆR,43.320,Snekkerarbeid/tømrer,BERGEN,4601,Ospelia 10,5111,BREISTEIN,,,55 18 49 68,,
933755290,MR. DATKA,43.320,Snekkerarbeid/tømrer,BERGEN,4601,Blekenberg 33,5055,BERGEN,,,,,
931984004,MT MØBELSNEKKERI AS,43.320,Snekkerarbeid/tømrer,BERGEN,4601,Ulsmågvegen 12,5224,NESTTUN,,,,,2023-08-15
990385416,MULTIGJERDE AS,43.320,Snekkerarbeid/tømrer,BERGEN,4601,Øvre Fyllingsveien 43,5161,LAKSEVÅG,,,94499354,,2006-09-01
994734636,NAT INVEST AS,43.320,Snekkerarbeid/tømrer,BERGEN,4601,Storetveitvegen 96,5072,BERGEN,,,,,2009-10-01
925244694,NECULITA CONSTRUCT,43.320,Snekkerarbeid/tømrer,BERGEN,4601,Ulsmågvegen 43A,5224,NESTTUN,,,,,
924630884,NILS INGAR HAUGLAND,43.320,Snekkerarbeid/tømrer,BERGEN,4601,Vestre Holbergsallmenningen 23,5011,BERGEN,,,,,
936923038,NILS SÆTHER MATHISEN KONKURSBO,43.320,Snekkerarbeid/tømrer,ØYGARDEN,4626,Tobrotet 74,5355,KNARREVIK,,,,,2026-01-07
929359526,NILSSON MULTISERVICE,43.320,Snekkerarbeid/tømrer,BERGEN,4601,Nyhaugåsen 10A,5072,BERGEN,,,,,
925551112,NORD MED HAMMAREN,43.320,Snekkerarbeid/tømrer,BERGEN,4601,Svaneviksveien 59,5063,BERGEN,,simen.nord@outlook.com,948 19 707,,
937588852,NORDLINE BYGG AS,43.320,Snekkerarbeid/tømrer,BERGEN,4601,Alléen 6C,5160,LAKSEVÅG,,,,,2026-03-20
935721776,NORDMESTER AS,43.320,Snekkerarbeid/tømrer,BERGEN,4601,Kokstadvegen 41,5257,KOKSTAD,,,,,2025-06-06
935962366,NORDVEST BYGG AS,43.320,Snekkerarbeid/tømrer,BERGEN,4601,Jordalsveien 18,5105,EIDSVÅG I ÅSANE,,,,,2025-07-17
924878460,ODIN AUSTEFJORD,43.320,Snekkerarbeid/tømrer,BERGEN,4601,Wernersholmvegen 33,5232,PARADIS,,,,,
920868517,OLAREAN BYGG & HAGE,43.320,Snekkerarbeid/tømrer,BERGEN,4601,Lilletveitåsen 56,5228,NESTTUN,,,,,
837196132,PAKO BYGG PAWEL KOWALSKI,43.320,Snekkerarbeid/tømrer,BERGEN,4601,Sørfjordvegen 16,5265,YTRE ARNA,,,,,
937442769,PARTNER BYGG AS,43.320,Snekkerarbeid/tømrer,BERGEN,4601,Hylkjeneset 118B,5109,HYLKJE,,,,,2026-01-12
895812072,PAWEL SIEWIERSKI,43.320,Snekkerarbeid/tømrer,BERGEN,4601,Storesåta 22,5258,BLOMSTERDALEN,,,99869799,,
933638383,PEDERSEN BYGG OG MONTERING,43.320,Snekkerarbeid/tømrer,BERGEN,4601,Kipledalen 14,5179,GODVIK,,,,,
924316810,PETTER SMART MONTASJE AS,43.320,Snekkerarbeid/tømrer,BERGEN,4601,C/O Tony Ole Simon Jacobsen Kjøkkelvikveien 92,5178,LODDEFJORD,,,,5.0,2019-10-24
912294293,PETTERSEN GRUPPEN AS,43.320,Snekkerarbeid/tømrer,BERGEN,4601,Co. Egil Pettersen Øvre Krabbedalen 28,5178,LODDEFJORD,,,,6.0,2013-07-29
932542587,PHILIP BAGINSKI AS,43.320,Snekkerarbeid/tømrer,BERGEN,4601,Vågsbøvegen 10,5239,RÅDAL,,,,,2023-10-31
938235279,PHILIP BAGINSKI AS TVANGSAVVIKLINGSBO,43.320,Snekkerarbeid/tømrer,BERGEN,4601,Vågsbøvegen 10,5239,RÅDAL,,,,,2026-08-10
935968801,PHOENIX-BYGG OG VEDLIKEHOLD AS,43.320,Snekkerarbeid/tømrer,BERGEN,4601,Ulvhøyen 58,5134,FLAKTVEIT,,,,,2025-06-13
935583829,PHOENIX-HOLDING AS,43.320,Snekkerarbeid/tømrer,BERGEN,4601,Ulvhøyen 58,5134,FLAKTVEIT,,,,,2025-04-29
937608594,PISAU BYGGMESTER AS,43.320,Snekkerarbeid/tømrer,BERGEN,4601,Ulsmågvegen 12,5224,NESTTUN,,,,,2026-03-24
937360363,PODZUKS BYGGSERVICE,43.320,Snekkerarbeid/tømrer,BERGEN,4601,Hjortevegen 15,5236,RÅDAL,,,,,
931888668,POULSEN,43.320,Snekkerarbeid/tømrer,BERGEN,4601,Damsgårdsveien 73,5058,BERGEN,,,,,
937848838,POV BYGG AS,43.320,Snekkerarbeid/tømrer,BERGEN,4601,Botnane 11,5119,ULSET,,,,,2026-03-25
835572382,PREMIUM INNREDNING AS KONKURSBO,43.320,Snekkerarbeid/tømrer,ASKØY,4627,Storebotn 70,5309,KLEPPESTØ,,,,,2025-05-26
930002127,PRO CONSTRUCT CHIRIAC,43.320,Snekkerarbeid/tømrer,BERGEN,4601,Mathopsveien 52,5173,LODDEFJORD,,chiriac1216@yahoo.com,94739186,,
913204328,PRO-MAR BYGG MAREK DUTKA,43.320,Snekkerarbeid/tømrer,BERGEN,4601,Lønningsflaten 32F,5258,BLOMSTERDALEN,,marek.dutka.7@gmail.com,96998409,,
919219114,PROFF MONTERING WOJCIECH DABROWSKI,43.320,Snekkerarbeid/tømrer,BERGEN,4601,Minde allé 6,5063,BERGEN,,wojciech.dabrowski@wp.pl,405 66 483,,
928702189,PROFF MONTERINGSSERVICE AS,43.320,Snekkerarbeid/tømrer,BERGEN,4601,Minde allé 6,5063,BERGEN,,,,,2021-12-08
915058647,R. K BYGG KAZMIERCZYK,43.320,Snekkerarbeid/tømrer,BERGEN,4601,Håkonshellaveien 249,5174,MATHOPEN,,r.kazmierczyk.fm@gmail.com,,,
920502431,REGION BYGG BERGEN THOR ARNE MARTHINSEN,43.320,Snekkerarbeid/tømrer,BERGEN,4601,Skarefjellet 4,5174,MATHOPEN,,,,,
927983702,RENOVERING BYGG VEST HURMUZ 38,43.320,Snekkerarbeid/tømrer,BERGEN,4601,Øvre Fyllingsveien 72,5161,LAKSEVÅG,,,,,
934522389,REVIVA BYGG AS,43.320,Snekkerarbeid/tømrer,BERGEN,4601,Grunnane 77,5251,SØREIDGREND,,,,,2024-11-17
923811842,ROBERTAS SOKAS,43.320,Snekkerarbeid/tømrer,BERGEN,4601,Søndre Skogveien 89,5055,BERGEN,,,,,
870053312,ROY ARNE NYGAARD,43.320,Snekkerarbeid/tømrer,BERGEN,4601,Svartefjorden 21,5244,FANA,,,55 19 67 45,,
933533808,RR RUSKEDAL,43.320,Snekkerarbeid/tømrer,BERGEN,4601,Flaktveitsvingane 90,5135,FLAKTVEIT,,,,,
933212149,RROZHANI,43.320,Snekkerarbeid/tømrer,BERGEN,4601,Fyllingsveien 4,5160,LAKSEVÅG,,,,,
927074575,RUBEN SANDVIK,43.320,Snekkerarbeid/tømrer,BERGEN,4601,Øvre Kirkebirkeland 8,5227,NESTTUN,,,,,
931503863,RAA SNEKKERI,43.320,Snekkerarbeid/tømrer,BERGEN,4601,Aurdalslia 100,5253,SANDSLI,,,,,
932875179,SABO SNEKKERI,43.320,Snekkerarbeid/tømrer,BERGEN,4601,Vestre Vadmyra 11,5172,LODDEFJORD,,,,,
980025071,SBT BYGGTJENESTER AS,43.320,Snekkerarbeid/tømrer,BERGEN,4601,Skiparviklia 10,5221,NESTTUN,,angelina@skjoldnes.no,939 26 199,,1998-05-28
935741653,SBT BYGGTJENESTER AS TVANGSAVVIKLINGSBO,43.320,Snekkerarbeid/tømrer,BERGEN,4601,Skiparviklia 10,5221,NESTTUN,,,,,2025-06-24
913441869,SISEMA AS,43.320,Snekkerarbeid/tømrer,BERGEN,4601,Garnestona 6,5264,GARNES,,,,,2014-02-01
895812102,SIUDA ZBIGNIEW,43.320,Snekkerarbeid/tømrer,BERGEN,4601,Absalon Beyers gate 33,5034,BERGEN,,,96653375,,
935261627,SK HAGEBØ AS,43.320,Snekkerarbeid/tømrer,BERGEN,4601,Nordåsdalen 3F,5235,RÅDAL,,skhagebo@gmail.com,407 62 944,,2025-02-14
929406893,SKAUGE SNEKKERI OG SJÅFØRTJENESTER,43.320,Snekkerarbeid/tømrer,BERGEN,4601,Gjøas vei 51,5067,BERGEN,,,975 61 921,,
971020946,SKIFTESVIK EINAR BYGGEFIRMA INNGÅR I DØDSBO,43.320,Snekkerarbeid/tømrer,BERGEN,4601,Lyngbølien 22,5164,LAKSEVÅG,,,55346434,,
932294559,SKYBYGG SYLWESTER MADRY,43.320,Snekkerarbeid/tømrer,BERGEN,4601,Fjøsangerveien 103B,5073,BERGEN,,,,,
925793817,SKAATUN BYGGDRIFT & VEDLIKEHOLD,43.320,Snekkerarbeid/tømrer,BERGEN,4601,Fleslandsvegen 100,5258,BLOMSTERDALEN,,,,,
937441762,SM BYGG AS,43.320,Snekkerarbeid/tømrer,BERGEN,4601,Sildaberget 19B,5171,LODDEFJORD,,,,,2026-03-11
921358377,SMÅ EIENDOMSSERVICE ADNAN MUJIC,43.320,Snekkerarbeid/tømrer,BERGEN,4601,Edvard Griegs vei 7C,5059,BERGEN,,,,,
970053867,SMAADAL MORTEN BYGGMESTER,43.320,Snekkerarbeid/tømrer,BERGEN,4601,Damsgårdslien 26,5161,LAKSEVÅG,,,95 12 99 22,,
926845535,SNEKKER ELIAS INDERHAUG,43.320,Snekkerarbeid/tømrer,BERGEN,4601,Kirkegaten 1C,5036,BERGEN,,,,,
834126052,SNEKKER LINDALEN,43.320,Snekkerarbeid/tømrer,BERGEN,4601,Asbjørnsens gate 29,5053,BERGEN,,,,,
932349345,SNEKKER OG MØBELTAPETSERER MATUSZEWSKI,43.320,Snekkerarbeid/tømrer,BERGEN,4601,Ytrebygdsvegen 37,5251,SØREIDGREND,,,,,
928073122,SNEKKER SERVICE PAWEL WASILEWSKI,43.320,Snekkerarbeid/tømrer,BERGEN,4601,Tranehaugen 12,5238,RÅDAL,,,,,
937777086,SNEKKERMESTER NORDANGER,43.320,Snekkerarbeid/tømrer,BERGEN,4601,Nikolaikirkeallmenningen 5A,5003,BERGEN,,,,,
967754463,SNEKKERMESTER RAGNAR PETTERSEN Innehaver Arne R Pettersen,43.320,Snekkerarbeid/tømrer,BERGEN,4601,Stølegaten 11,5003,BERGEN,,,55315560,,
937009437,SNEKKERTJOMMIE AS,43.320,Snekkerarbeid/tømrer,BERGEN,4601,Osvegen 50M,5228,NESTTUN,,,,,2025-11-24
911558440,SOLBERG MARKISE AS,43.320,Snekkerarbeid/tømrer,BERGEN,4601,Kokstaddalen 4,5257,KOKSTAD,,,,,2013-02-05
929685377,SOLSKJERMING I BERGEN AS,43.320,Snekkerarbeid/tømrer,BERGEN,4601,Apeltunhaugene 34,5238,RÅDAL,,,,,2022-07-01
838006922,SOTRA SNEKKERI AS KONKURSBO,43.320,Snekkerarbeid/tømrer,ØYGARDEN,4626,Fjellavegen 153,5357,FJELL,,,,,2026-06-29
830311602,STANDAL SERVICE,43.320,Snekkerarbeid/tømrer,BERGEN,4601,Vestlundveien 24F,5145,FYLLINGSDALEN,,,,,
998637953,STOREBØ SERVICE & VEDLIKEHOLD AS,43.320,Snekkerarbeid/tømrer,BERGEN,4601,Hylkjebakken 43,5109,HYLKJE,,,92020213,,2012-06-19
916450591,STORMÅSAN 8 AS,43.320,Snekkerarbeid/tømrer,BERGEN,4601,Hjellestadvegen 72,5258,BLOMSTERDALEN,,,,,2015-10-23
827087882,STRØMMEN SERVICE,43.320,Snekkerarbeid/tømrer,BERGEN,4601,Skivebakken 19B,5018,BERGEN,,oddbjorn2000@hotmail.com,482 17 102,,
936593291,STRØMSNES VEDLIKEHOLD,43.320,Snekkerarbeid/tømrer,BERGEN,4601,Persenbakken 61,5034,BERGEN,,orjanstromsnes@live.no,92630169,,
936092802,STUDIO KUBBERØD,43.320,Snekkerarbeid/tømrer,BERGEN,4601,Tullins gate 8,5006,BERGEN,,,,,
925808946,SU MONTERING AS,43.320,Snekkerarbeid/tømrer,BERGEN,4601,Engesetvegen 2,5226,NESTTUN,,,,,2020-09-24
986041230,SÆBØ BYGG & INTERIØR AS,43.320,Snekkerarbeid/tømrer,BERGEN,4601,Sandbrekketoppen 30,5224,NESTTUN,,saeboe@byggoginterior.no,55 98 98 48,21.0,2003-09-03
956229561,T KNUTSEN MONTERING,43.320,Snekkerarbeid/tømrer,BERGEN,4601,Parkveien 12,5007,BERGEN,,,55903342,,
818285922,T.KVERHELLEN MONTASJE,43.320,Snekkerarbeid/tømrer,BERGEN,4601,c/o TOMMY KVERHELLEN Olsvikmarken 67,5183,OLSVIK,,,,,
930527181,TELNES UTLEIE,43.320,Snekkerarbeid/tømrer,BERGEN,4601,Kringsjåveien 101,5163,LAKSEVÅG,,,,,
931132350,TERJE STEINSTØ,43.320,Snekkerarbeid/tømrer,BERGEN,4601,Hallskaret 6,5117,ULSET,,,,,
982299721,THOMAS ØYJORDSBAKKEN TØMRER,43.320,Snekkerarbeid/tømrer,BERGEN,4601,Grimseiddalen 131,5239,RÅDAL,,,93 45 14 73,,
938059314,TIPSIS SOLUTION,43.320,Snekkerarbeid/tømrer,BERGEN,4601,Bahusstraumen 33,5229,KALANDSEIDET,,,,,
935782937,TK HAGA KONSULT OG HÅNDVERK,43.320,Snekkerarbeid/tømrer,BERGEN,4601,Eidsvågveien 30,5101,EIDSVÅGNESET,,,,,
932951282,TL BYGG AS,43.320,Snekkerarbeid/tømrer,BERGEN,4601,Hallskaret 69,5117,ULSET,,,,,2024-01-04
922892822,TOM BYGG TOMASZ NEDZA,43.320,Snekkerarbeid/tømrer,BERGEN,4601,Markeveien 10,5012,BERGEN,,,,,
936092721,TOOMAS HERM BYGGSERVICE,43.320,Snekkerarbeid/tømrer,BERGEN,4601,Tordenskjolds gate 38,5031,BERGEN,,,,,
833568752,TREC PRODUCTIONS AS,43.320,Snekkerarbeid/tømrer,BERGEN,4601,Kokstaddalen 4,5257,KOKSTAD,,,,,2024-04-01
922598266,TØMRAR DAGFINN LONE,43.320,Snekkerarbeid/tømrer,BERGEN,4601,Nordnesveien 66,5005,BERGEN,,dagfinn.lone@outlook.com,902 06 702,,
827798002,TØMRER MORTENSEN,43.320,Snekkerarbeid/tømrer,BERGEN,4601,St. Olavs vei 188,5063,BERGEN,,,,,
932382938,TØMRERHJELPEN VESTLAND AS,43.320,Snekkerarbeid/tømrer,BERGEN,4601,Solheimslien 62,5056,BERGEN,,,,,2023-09-28
913917731,UAB DARBUOTOJAS NUF,43.320,Snekkerarbeid/tømrer,BERGEN,4601,Skeievegen 19,5239,RÅDAL,,m.puidokaite0616@gmail.com,,,
922319537,UGRA,43.320,Snekkerarbeid/tømrer,,,Ciekurkalna 1st line 84,,1026 RIGA,,kristaps@igaunis.lv,,,
912258963,UNIBO BYGG AS,43.320,Snekkerarbeid/tømrer,BERGEN,4601,c/o Ole Johan Helle Parkveien 2,5007,BERGEN,,,,,2013-07-04
920004571,VADIMS BUDO,43.320,Snekkerarbeid/tømrer,BERGEN,4601,Inndalsveien 122,5063,BERGEN,,,,,
933424707,VAITUKAITIS BYGG,43.320,Snekkerarbeid/tømrer,BERGEN,4601,Tellevikvegen 7,5107,SALHUS,,lynciukas123@gmail.com,,,
814424642,VALDOVINO EIENDOM OG BEMANNING AS,43.320,Snekkerarbeid/tømrer,BERGEN,4601,c/o Arne Magnus Vabø Øvre Fredlundveien 9D,5073,BERGEN,,,995 18 202,,2014-10-21
934278194,VANLIG BYGGSERVICE KUZNECOVS,43.320,Snekkerarbeid/tømrer,BERGEN,4601,Skaffarmyrane 60,5267,ESPELAND,,,,,
937779321,VASILICA VESTLAND DRIVHUS SERVICE,43.320,Snekkerarbeid/tømrer,BERGEN,4601,Gimleveien 87,5052,BERGEN,,,,,
998727766,VEKTOR BYGG AS,43.320,Snekkerarbeid/tømrer,BERGEN,4601,Solåsen 4A,5223,NESTTUN,www.vektorbygg.no,bafiabygg@gmail.com,,,2012-07-23
925192422,VESTENOM MYKING,43.320,Snekkerarbeid/tømrer,BERGEN,4601,Hatlestadlia 145,5227,NESTTUN,,,,,
927085518,VESTLANDSBYGG KOWALCZYK,43.320,Snekkerarbeid/tømrer,BERGEN,4601,Blindheimsvegen 84,5131,NYBORG,,,,,
934488555,VG GALDIKAS BYGG BERGEN,43.320,Snekkerarbeid/tømrer,BERGEN,4601,Torvdalsveien 1,5151,STRAUMSGREND,,,,,
933638510,VINES BYGG OG GLASS,43.320,Snekkerarbeid/tømrer,BERGEN,4601,Bjørndalsskogen 123,5170,BJØRNDALSTRÆ,,,,,
930246336,VIRKSOMHETEN ISAK GABRIELSEN,43.320,Snekkerarbeid/tømrer,BERGEN,4601,Øvsttunbrekka 5,5223,NESTTUN,,,,,
924923903,WOODSTOKK HENNING MADSEN,43.320,Snekkerarbeid/tømrer,BERGEN,4601,c/o Henning Madsen Eikeneset 35,5259,HJELLESTAD,,,,,
931519220,Ø. OLSSON BYGGSERVICE,43.320,Snekkerarbeid/tømrer,BERGEN,4601,Lillehatten 78,5148,FYLLINGSDALEN,,,,,
970319409,ØSTEVOLD FRODE,43.320,Snekkerarbeid/tømrer,BERGEN,4601,Dyrhaugen 8C,5236,RÅDAL,,,92 40 81 00,,
937781873,AADLAND SERVICE,43.320,Snekkerarbeid/tømrer,BERGEN,4601,Steinsvikvegen 12P,5251,SØREIDGREND,,,,,
914548896,ÅSANE BYGG OG INDUSTRISERVICE AS,43.320,Snekkerarbeid/tømrer,BERGEN,4601,Marmorneset 39,5232,PARADIS,,,96688622,5.0,2014-11-24
926918001,A1 BETONGSTØP AS,43.330,Gulvlegging/flislegging,BERGEN,4601,Hallheimslien 21,5184,OLSVIK,,a1betongstop@gmail.com,993 11 288,,2021-03-09
929451430,ALEX GULV OG BYGG AS,43.330,Gulvlegging/flislegging,BERGEN,4601,Dag Hammarskjölds vei 171,5144,FYLLINGSDALEN,,,,,2022-06-13
933899977,ARNA MUR OG FLIS AS,43.330,Gulvlegging/flislegging,BERGEN,4601,Tunesvegen 65,5264,GARNES,,,,,2024-07-11
938359725,"BAD, FLIS & BYGG TRIJONIS",43.330,Gulvlegging/flislegging,BERGEN,4601,Elvenesvegen 64,5223,NESTTUN,,,,,
915749844,BADEX AS,43.330,Gulvlegging/flislegging,BERGEN,4601,Bjørndalstjørnet 22,5171,LODDEFJORD,,,411 24 030,,2015-07-13
918652299,BERG FLIS OG BYGG,43.330,Gulvlegging/flislegging,BERGEN,4601,Eidsvågveien 142,5105,EIDSVÅG I ÅSANE,,,,,
932862700,BERGEN FLIS AS,43.330,Gulvlegging/flislegging,BERGEN,4601,Arnatveitlia 25,5262,ARNATVEIT,,,,,2023-12-05
933461106,BERGEN GULV OG VEGG SZCZEPANIK,43.330,Gulvlegging/flislegging,BERGEN,4601,Hylkjebakken 20,5109,HYLKJE,,,,,
921860366,BERGEN GULVBELEGG AS,43.330,Gulvlegging/flislegging,BERGEN,4601,Spelhaugen 22A,5147,FYLLINGSDALEN,,,,5.0,2018-11-27
913331869,BERGEN MILJØGULV AS,43.330,Gulvlegging/flislegging,BERGEN,4601,Petedalsheia 158,5254,SANDSLI,,knutschroder@hotmail.com,950 34 036,,2014-02-17
980946517,BERGEN PARKETTSERVICE AS,43.330,Gulvlegging/flislegging,BERGEN,4601,Sagstadvika 20,5243,FANA,,,55 13 51 01,,1999-07-15
921378203,BERGEN PROFF MEKANISKE AS,43.330,Gulvlegging/flislegging,BERGEN,4601,Vågedalen 31,5163,LAKSEVÅG,,,,,2018-07-25
919502460,BERGEN-PARKETT AS,43.330,Gulvlegging/flislegging,BERGEN,4601,Steinkjellergaten 1A,5003,BERGEN,bergen-parkett.no,info@bergen-parkett.no,,,2017-08-20
970272623,BO-SERVICE TERJE ANANIASSEN,43.330,Gulvlegging/flislegging,BERGEN,4601,Landåsveien 31B,5097,BERGEN,,,,,
918973060,BYGG & REHABILITERING - KAZIMIREZ KAZIMIERZ PIOTR GOCEK,43.330,Gulvlegging/flislegging,BERGEN,4601,Øvre Stadionveien 39,5161,LAKSEVÅG,,,,,
918693351,BYGGTAPETSERMESTER STIGEN & KRONHEIM AS,43.330,Gulvlegging/flislegging,BERGEN,4601,C. Sundts gate 57,5004,BERGEN,,,,23.0,2016-12-15
921785178,CHJ AS,43.330,Gulvlegging/flislegging,BERGEN,4601,Bønesskogen 318,5154,BØNES,,,,,2018-11-14
929618793,CLASSIC BAD AS,43.330,Gulvlegging/flislegging,BERGEN,4601,Hardangervegen 705,5268,HAUKELAND,,,,,2022-07-04
938123462,DEAC FLIS OG BAD,43.330,Gulvlegging/flislegging,BERGEN,4601,Hatlestad terrasse 48D,5227,NESTTUN,,,,,
922181470,ERIDU TOMASZ DARIUSZ POTOCKI,43.330,Gulvlegging/flislegging,BERGEN,4601,Mjeldheimskleiva 205,5261,INDRE ARNA,,,,,
936484883,EVARO DRIFT AS,43.330,Gulvlegging/flislegging,BERGEN,4601,Rekdalsveien 48,5151,STRAUMSGREND,,,,,2025-09-22
935009553,FLIS MONTØR KAMIL TRZONKOWSKI,43.330,Gulvlegging/flislegging,BERGEN,4601,Olsvikmarken 8,5183,OLSVIK,,,,,
928603318,FLISLEGGER BERGEN AS,43.330,Gulvlegging/flislegging,BERGEN,4601,c/o Joar Sognefest Saudalen 19,5124,MORVIK,,joar.sognefest@comfort.no,458 68 754,,2022-01-03
983445659,FLISLEGGEREN DA,43.330,Gulvlegging/flislegging,BERGEN,4601,Falkangervegen 7,5108,HORDVIK,,,55 24 62 42,,2001-05-08
918084827,FLISMESTEREN AS,43.330,Gulvlegging/flislegging,BERGEN,4601,Hammarslandgrenda 68,5252,SØREIDGREND,,post@flismesteren.no,,,2016-10-10
930862533,GEO CONSTRUCT BEKO,43.330,Gulvlegging/flislegging,BERGEN,4601,Ytre Arna-vegen 99,5261,INDRE ARNA,,,,,
996060438,GS DÙKLAGNIR SLF,43.330,Gulvlegging/flislegging,BERGEN,4601,c/o Bergen Web Regnskap AS Møllendalsveien 1A,5009,BERGEN,,,,,
996605434,GULVBELEGG & TEPPER AS,43.330,Gulvlegging/flislegging,BERGEN,4601,Skålevikveien 60,5178,LODDEFJORD,,,55 50 96 50,12.0,2011-02-15
925924024,GULVLEGGER JIM VABØ AS,43.330,Gulvlegging/flislegging,BERGEN,4601,Slettestølsvegen 45,5136,MJØLKERÅEN,,,,,2020-08-20
916150911,GULVLEGGER VEST AS,43.330,Gulvlegging/flislegging,BERGEN,4601,Gravdalsveien 3,5165,LAKSEVÅG,,,486 00 255,5.0,2015-10-16
921158815,GULVSLIPING BERGEN AS,43.330,Gulvlegging/flislegging,BERGEN,4601,Kjøkkelvikbrekkene 52,5178,LODDEFJORD,,,,,2018-07-02
933993922,HEGGELAND BETONG,43.330,Gulvlegging/flislegging,BERGEN,4601,Strømgaten 49,5007,BERGEN,,,,,
934389476,HMS GULVSTØP & AVRETTING AS,43.330,Gulvlegging/flislegging,BERGEN,4601,Titlestadvegen 213,5243,FANA,,,,,2024-10-01
933641112,HÅNDVERKSTJENESTER BERGEN AS,43.330,Gulvlegging/flislegging,BERGEN,4601,Feråslia 2,5253,SANDSLI,,,,,2024-04-11
937197993,INDUSTRIGULV STØPEREN AS,43.330,Gulvlegging/flislegging,BERGEN,4601,Seimsvegen 146,5260,INDRE ARNA,,,,,2026-01-29
977355575,INDUSTRIGULVSPESIALISTEN AS,43.330,Gulvlegging/flislegging,BERGEN,4601,Leirvikflaten 11,5179,GODVIK,,,55 50 02 44,41.0,1997-03-18
912020924,JENSEN FLIS & FASADE AS,43.330,Gulvlegging/flislegging,BERGEN,4601,Blekenberg 8,5055,BERGEN,,,,,2013-05-01
933589943,KAMONIB SAFOUH AL HAKIM,43.330,Gulvlegging/flislegging,BERGEN,4601,Øvre Holen 22A,5163,LAKSEVÅG,,,,,
934780108,KM UNIK PARKETT AS,43.330,Gulvlegging/flislegging,BERGEN,4601,hus nr. 5 A inngang 1 Fabrikkvegen 1,5265,YTRE ARNA,,rm@unikparkett.no,479 49 429,,2024-11-29
927397757,LUND BOLIGRENOVERING,43.330,Gulvlegging/flislegging,BERGEN,4601,Fagernes 4,5043,BERGEN,,,,,
930491292,MARTHINUSSEN UNIK PARKETT,43.330,Gulvlegging/flislegging,BERGEN,4601,Peter Jebsens veg 3,5265,YTRE ARNA,,,,,
981634659,MGS GRUPPEN AS,43.330,Gulvlegging/flislegging,BERGEN,4601,C. Sundts gate 57,5004,BERGEN,,,55 99 09 42,,2000-02-01
937850212,MIKISH BYGG,43.330,Gulvlegging/flislegging,BERGEN,4601,Nordåsneset 77,5235,RÅDAL,,,,,
982707374,OLE MADSEN GULVLEGGING,43.330,Gulvlegging/flislegging,BERGEN,4601,Ulsberglia 51,5135,FLAKTVEIT,,,55 19 32 68,,
935025672,OPPUSSING & RENOVERING AS,43.330,Gulvlegging/flislegging,BERGEN,4601,Ekerstølsvegen 15,5238,RÅDAL,,,,,2025-01-01
922156670,OVE MUR OG FLIS AS,43.330,Gulvlegging/flislegging,BERGEN,4601,Kokstadflaten 33,5257,KOKSTAD,,,,,2019-01-09
919761415,PARKETT OG GULVSERVICE DARIUSZ SOKOLOWSKI,43.330,Gulvlegging/flislegging,BERGEN,4601,Vassteigen 134,5141,FYLLINGSDALEN,,,,,
935155150,PHAM SERVICE,43.330,Gulvlegging/flislegging,BERGEN,4601,Grimstadvegen 46,5252,SØREIDGREND,,,,,
914307511,PROFFGULV VEST AS,43.330,Gulvlegging/flislegging,BERGEN,4601,Kokstaddalen 47,5257,KOKSTAD,,,,12.0,2014-09-22
927991969,PROFLIS WALENCIK,43.330,Gulvlegging/flislegging,BERGEN,4601,Skjoldlia 16,5236,RÅDAL,,,,,
937842317,RB BYGGSERVICE RAFAL ROMAN BAK,43.330,Gulvlegging/flislegging,BERGEN,4601,Øvsttunvegen 24,5223,NESTTUN,,,,,
996702901,ROBINS FLIS OG GULVMONTERING,43.330,Gulvlegging/flislegging,BERGEN,4601,Myrdalskogen 19,5118,ULSET,,rjrobins@online.no,928 41 560,,
985231052,TELLNES GULVSLIPING Tore Hatlestad,43.330,Gulvlegging/flislegging,BERGEN,4601,Hatlestad terrasse 73,5227,NESTTUN,,t-hatlestad@c2i.net,91146014,,
916789483,TJENESTER SULINSKI,43.330,Gulvlegging/flislegging,BERGEN,4601,Konsul Børs' gate 32,5006,BERGEN,,,,,
997794206,VARAS AS,43.330,Gulvlegging/flislegging,BERGEN,4601,Salhusvegen 90B,5137,MJØLKERÅEN,,,,27.0,2012-01-01
934655370,WEST TAK VALANCAUSKAS,43.330,Gulvlegging/flislegging,BERGEN,4601,Granbakken 6,5055,BERGEN,,,,,
938532826,YTREARNE OVERFLATE OG BYGG TEKNIKK,43.330,Gulvlegging/flislegging,BERGEN,4601,Sageneset 27,5244,FANA,,johannes@lifetimeignition.com,45059678,,
921740123,ZIEDONIS LAIZANS FLIS,43.330,Gulvlegging/flislegging,BERGEN,4601,Mindeveien 17,5073,BERGEN,,laizans.flis@gmail.com,410 75 959,,
993359114,ØYSTEIN TVEDT AS,43.330,Gulvlegging/flislegging,BERGEN,4601,Sandbrekketoppen 30,5224,NESTTUN,www.oysteintvedt.no,post@oysteintvedt.no,55 92 23 70,15.0,2008-11-21
959609829,ÅSANE GULV ANS,43.330,Gulvlegging/flislegging,BERGEN,4601,Flaktveitsvingane 54,5135,FLAKTVEIT,,,,,1991-01-01
936551971,7 FJELL VÅTROM & FASADE AS,43.910,Takarbeid,BERGEN,4601,Titlestadvegen 213,5243,FANA,,,,,2025-10-22
927251620,A.WILHELMSEN HOLDING AS,43.910,Takarbeid,BERGEN,4601,Ervikveien 64,5106,ØVRE ERVIK,,,,,2021-05-07
930943711,B. GULLAKSEN MUR & FLIS AS,43.910,Takarbeid,BERGEN,4601,Nye Sandviksveien 73C,5032,BERGEN,,,,,2023-02-07
963616759,BERGEN MUR & PUSS AS,43.910,Takarbeid,BERGEN,4601,Vågsgaten 20,5160,LAKSEVÅG,www.bergen-murogpuss.no,post@bergen-murogpuss.no,55 38 04 10,11.0,1992-02-20
911990385,BERGEN MURERSERVICE AS,43.910,Takarbeid,BERGEN,4601,Morvikveien 22,5122,MORVIK,,,928 88 442,,2013-04-10
991242139,BERGEN MURTEKNIKK AS,43.910,Takarbeid,BERGEN,4601,Kringstølen 36,5124,MORVIK,bergenmurteknikk.no,post@bergenmurteknikk.no,90703333,10.0,2007-04-01
936511864,BK VÅTROM AS,43.910,Takarbeid,BERGEN,4601,Dolvikbakken 16,5252,SØREIDGREND,,,,,2025-10-09
925705632,BLOM MUR OG BYGGSERVICE AS,43.910,Takarbeid,BERGEN,4601,Gamlevegen 46,5265,YTRE ARNA,,paul61@outlook.com,55 24 76 60,,2020-09-06
929321863,BMP MUR AS,43.910,Takarbeid,BERGEN,4601,Øvre Kråkenes 27,5152,BØNES,,,,,2022-05-17
929627059,BO LEA,43.910,Takarbeid,BERGEN,4601,Hegrenesveien 34,5042,BERGEN,,,,,
936916597,BOGETVEIT FLIS & MURER,43.910,Takarbeid,BERGEN,4601,Rabben 21,5108,HORDVIK,,,,,
828704842,BOLIGMUR AS,43.910,Takarbeid,BERGEN,4601,Leirvikflaten 17C,5179,GODVIK,,,,,2021-12-12
915230881,BORGMUR AS,43.910,Takarbeid,BERGEN,4601,Gravdalspollen 9,5164,LAKSEVÅG,,,,,2015-03-01
971652527,BRU OG WIESE-HANSEN MURMESTERFORRETNING AS,43.910,Takarbeid,BERGEN,4601,Øvre Fyllingsveien 81,5161,LAKSEVÅG,,,55940940,35.0,1995-01-08
918014683,BØNES MUR OG MASKIN AS,43.910,Takarbeid,BERGEN,4601,Skareveien 10,5174,MATHOPEN,,,,6.0,2016-10-02
927417901,CHIRICA BETONG OG MALING BERGEN,43.910,Takarbeid,BERGEN,4601,Koren Wibergs plass 2,5003,BERGEN,,,,,
937152221,CREATERRA AS,43.910,Takarbeid,BERGEN,4601,Eidsvågbakken 1,5105,EIDSVÅG I ÅSANE,,,,,2026-02-04
999157319,EL HAMRE HOLDING AS,43.910,Takarbeid,BERGEN,4601,C. Sundts gate 57,5004,BERGEN,,,918 17 191,,2012-11-15
914204801,ELVSAAS FLIS OG MUR,43.910,Takarbeid,BERGEN,4601,Nordåsbrotet 111,5235,RÅDAL,,aleksander.elvsaas@gmail.com,47446793,,
921161530,FANA MUR AS,43.910,Takarbeid,BERGEN,4601,Sageneset 3,5244,FANA,,,,8.0,2018-07-04
992360801,FASADE VEST AS,43.910,Takarbeid,BERGEN,4601,c/o Gary William Smallwood Alfred Offerdals vei 7B,5165,LAKSEVÅG,,,916 14 627,,2008-02-22
989205323,FLIS & MUR INVEST AS,43.910,Takarbeid,BERGEN,4601,c/o Knut Erik Hellebø Liakroken 30,5132,NYBORG,,,,,2005-11-19
914928877,FLISLEGGEREN ROBIN SORTLAND,43.910,Takarbeid,BERGEN,4601,Vardesvingen 42B,5141,FYLLINGSDALEN,,,464 32 943,,
982523230,FYLLINGEN FLIS & MUR AS,43.910,Takarbeid,BERGEN,4601,Blindheimsvegen 1,5131,NYBORG,,post@fyllingen-flis-mur.no,55 93 07 93,,2000-10-18
989077805,GERSEME AS,43.910,Takarbeid,BERGEN,4601,Fanakrå 33,5244,FANA,,,,,2005-12-07
927834391,GODVIK BERGEN AS,43.910,Takarbeid,BERGEN,4601,Janaveien 215,5179,GODVIK,,,,,2021-09-10
923427007,GRIGORJEVS MURER,43.910,Takarbeid,BERGEN,4601,Andreas Gjellesviks veg 5,5260,INDRE ARNA,,,,,
913066618,HAMMERSLAND OG MILDE MURMESTERFORRETNING AS,43.910,Takarbeid,BERGEN,4601,Gjerdehaugene 7,5174,MATHOPEN,,,,,2014-01-06
993396753,IVAN HOLDING AS,43.910,Takarbeid,BERGEN,4601,Blindheimsvegen 1,5131,NYBORG,,,,,2008-11-23
988841498,KB HOLDING AS,43.910,Takarbeid,BERGEN,4601,Almåshaugane,5109,HYLKJE,,,90053540,,2005-10-21
927458837,KJFB HOLDING AS,43.910,Takarbeid,BERGEN,4601,Steinestøvegen 232,5131,NYBORG,,,,,2021-06-24
927458829,KJN INVEST AS,43.910,Takarbeid,BERGEN,4601,Steinestøvegen 232,5131,NYBORG,,,,,2021-06-24
928785696,M2 BERGEN HOLDING AS,43.910,Takarbeid,BERGEN,4601,Morvikveien 22,5122,MORVIK,,,,,2022-02-09
917227918,MAFTEAN BYGG & HAGE,43.910,Takarbeid,BERGEN,4601,Hordagaten 20,5055,BERGEN,,mafteanv511@gmail.com,94713962,,
937796560,MARIUS HUNSKÅR DRIFT,43.910,Takarbeid,BERGEN,4601,Traudalen 10,5145,FYLLINGSDALEN,,,,,
912620646,MAURTUN HOLDING AS,43.910,Takarbeid,BERGEN,4601,Vindharpevegen 50,5237,RÅDAL,,,,,2013-10-17
927519232,MAX MURSERVICE AS,43.910,Takarbeid,BERGEN,4601,Nordre Toppe 3,5136,MJØLKERÅEN,,,,,2021-07-06
933760650,MELLINGEN SERVICE,43.910,Takarbeid,BERGEN,4601,Træsgrenda 3,5134,FLAKTVEIT,,,,,
923550127,MJELSTAD MUR & FLIS AS,43.910,Takarbeid,BERGEN,4601,Hylkjeflaten 40,5109,HYLKJE,www.mjelstadmur.no,post@mjelstadmur.no,458 73 767,,2019-09-04
934058038,MOWABYGG AS,43.910,Takarbeid,BERGEN,4601,c/o Daniel Mowatt Larssen Tunvegen 7,5231,PARADIS,,,,,2024-08-16
832375632,MOWATT LARSSEN HOLDING AS,43.910,Takarbeid,BERGEN,4601,Ulsmågvegen 35,5224,NESTTUN,,,,,2023-10-18
982715067,MUR OG FLISSERVICE AS,43.910,Takarbeid,BERGEN,4601,Peter Jebsens veg 10,5265,YTRE ARNA,,thomas@mur-flisservice.no,78 99 62 26,16.0,2000-10-20
980420825,MURMESTER ANDERS MYKLATUN AS,43.910,Takarbeid,BERGEN,4601,Kvernevikstemma 10,5114,TERTNES,,,924 50 431,,1998-12-30
934212622,MURMESTER ARILD KVALHEIM,43.910,Takarbeid,BERGEN,4601,Nedre Skjoldvegen 22B,5236,RÅDAL,,,,,
991835539,MURMESTER EIRIK HANSEN AS,43.910,Takarbeid,BERGEN,4601,Seksjon 8 Hardangervegen 74,5224,NESTTUN,www.eirikhansen.no,eh@eirikhansen.no,55 13 09 42,11.0,2007-10-06
977314992,MURMESTER GEIR FONNES AS,43.910,Takarbeid,BERGEN,4601,Åstveitskogen 113,5113,TERTNES,,,48 00 91 90,,1997-03-06
980438600,MURMESTER HARRY S BERGE AS,43.910,Takarbeid,BERGEN,4601,Eidsvågveien 71B,5101,EIDSVÅGNESET,,,,,1999-01-01
990395969,MURMESTER HILLEREN AS,43.910,Takarbeid,BERGEN,4601,Helldalssåta 8,5225,NESTTUN,,thomas@murmesterhilleren.no,922 42 664,5.0,2006-09-09
981435656,MURMESTER JON A. NYGÅRD AS,43.910,Takarbeid,BERGEN,4601,Steinestøvegen 232,5131,NYBORG,,,55 24 79 00,16.0,1999-12-22
944534628,MURMESTER KÅRE BERGE AS,43.910,Takarbeid,BERGEN,4601,Almåshaugane,5109,HYLKJE,,,,,1987-06-15
932234696,MURMESTER PETTER PETTERSEN AS,43.910,Takarbeid,BERGEN,4601,Leilighet 36 Skranevegen 107,5252,SØREIDGREND,,,55 34 41 40,10.0,1981-12-31
998011841,MURMESTER ROY STENEHJEM AS,43.910,Takarbeid,BERGEN,4601,Steinestøvegen 430,5109,HYLKJE,,roymagnes@gmail.com,402 15 861,,2012-01-01
813158582,MURMESTER RUDI BJELLAND AS,43.910,Takarbeid,BERGEN,4601,Bjørgeveien 342,5170,BJØRNDALSTRÆ,,rudi.bjelland@hotmail.com,941 61 373,,2014-01-23
919203749,MURMESTER STEINSLAND AS,43.910,Takarbeid,BERGEN,4601,Gaupåsvegen 168,5265,YTRE ARNA,,,404 75 368,,2017-05-23
915102697,MURMESTER TOR TRYGVE PEDERSEN AS,43.910,Takarbeid,BERGEN,4601,Strandgaten 200,5004,BERGEN,,,,31.0,2015-02-25
890728022,MURMESTER TROND DAL AS,43.910,Takarbeid,BERGEN,4601,Godvikveien 3,5179,GODVIK,,trond.dal@hjemme.no,55 91 70 67,,2007-01-02
981059433,MURMESTER AASTVEDT AS,43.910,Takarbeid,BERGEN,4601,Fabrikkvegen 1,5265,YTRE ARNA,,,,8.0,1999-09-01
996409953,MURMESTRENE KNUDSEN & OLSEN AS,43.910,Takarbeid,BERGEN,4601,Gulbrandshaug 1,5161,LAKSEVÅG,www.mko.no,olsen@mko.no,,18.0,2011-01-01
931120875,Ny-Hus AS,43.910,Takarbeid,BERGEN,4601,Fanakrå 33,5244,FANA,,,55 92 59 90,8.0,1983-04-22
933341003,PICARI CONSTRUCTION,43.910,Takarbeid,BERGEN,4601,Mannsverk 32,5094,BERGEN,,,,,
932751046,PK FLIS & MUR PAWEL KRYJ,43.910,Takarbeid,BERGEN,4601,Hegrenesveien 34,5042,BERGEN,,,,,
936709273,PROFF MUR & VARME AS,43.910,Takarbeid,BERGEN,4601,Nipedalen 7,5164,LAKSEVÅG,,,,,2025-10-03
936507840,RMS BETONGENTREPRENØR AS,43.910,Takarbeid,BERGEN,4601,Ulsmågvegen 24,5224,NESTTUN,,,,,2025-09-01
980840956,RUNE JOHANNESSEN AS,43.910,Takarbeid,BERGEN,4601,Straumeveien 1,5073,BERGEN,,,55 91 60 70,19.0,1999-06-08
937440294,SOLID MUR & BYGG AS,43.910,Takarbeid,BERGEN,4601,Dr Krohns veg 2,5265,YTRE ARNA,,,,,2026-03-17
933351165,STONES MUR OG FLIS AS,43.910,Takarbeid,BERGEN,4601,Søndre Ravnedalen 10,5170,BJØRNDALSTRÆ,,,,,2024-03-19
985531765,STOR BERGEN MUR OG FLIS AS,43.910,Takarbeid,BERGEN,4601,Ulsmågvegen 35,5224,NESTTUN,,christian@storbergenmurogflis.no,55 10 24 04,,2003-03-10
998283817,TAIM HOLDING AS,43.910,Takarbeid,BERGEN,4601,Peter Jebsens veg 10,5265,YTRE ARNA,,thomas@mur-flisservice.no,916 08 608,,2012-03-24
990715386,TAULE FLIS OG MUR,43.910,Takarbeid,BERGEN,4601,Flaktveitrinden 75,5135,FLAKTVEIT,,hentaul@online.no,476 52 496,,
932452375,TOFTUM TØRRMURING,43.910,Takarbeid,BERGEN,4601,Hesjaholtveien 42,5142,FYLLINGSDALEN,,,,,
932747197,TOFTUM TØRRMURING AS,43.910,Takarbeid,BERGEN,4601,Hesjaholtveien 42,5142,FYLLINGSDALEN,,robin.mikkelsen@live.no,948 93 967,,2023-12-07
927067390,VESTLANDSMUR AS,43.910,Takarbeid,BERGEN,4601,Brønndalsåsen 29,5176,LODDEFJORD,,,,,2021-04-20
938257124,VESTLANDSMUR AS TVANGSAVVIKLINGSBO,43.910,Takarbeid,BERGEN,4601,Brønndalsåsen 29,5176,LODDEFJORD,,,,,2026-08-13
927387379,WILHELMSEN MUR & FLIS AS,43.910,Takarbeid,BERGEN,4601,Ervikveien 64,5106,ØVRE ERVIK,,,,8.0,2021-06-16
911675358,ØRJAN JOHANNESSEN HOLDING AS,43.910,Takarbeid,BERGEN,4601,Kvernabekkvegen 95,5243,FANA,,,,,2012-12-19
985485348,ØYVIND MØLDRUP,43.910,Takarbeid,BERGEN,4601,Øvre Fyllingsveien 91A,5146,FYLLINGSDALEN,,,900 96 199,,
