sak_id,kommunenummer,kommunenavn,fylke,postnummer,adresse,saksdato,sakstype,status,profesjonell_soker,kilde_url
BYGG-2026/16691,4601,Bergen,Vestland,5096,Vognstølen 36,2026-10-01,"161/87/0/0 Vognstølen 36, tilbygg bolig, garasje",Under behandling,True,https://www.bergen.kommune.no/omkommunen/offentlig-innsyn/innsynplanogbyggesak/saksinnsyn/sak/BYGG-2026/16691
BYGG-2026/16690,4601,Bergen,Vestland,5239,Siljustølvegen 28,2026-10-01,"119/1/0/0 Siljustølvegen 28, nybygg bolig",Under behandling,True,https://www.bergen.kommune.no/omkommunen/offentlig-innsyn/innsynplanogbyggesak/saksinnsyn/sak/BYGG-2026/16690
BYGG-2026/16689,4601,Bergen,Vestland,,Andreas gjellesviks veg 25b,2026-10-01,"286/371/0/0 Andreas Gjellesviks veg 27, oppføring støttemur",Under behandling,False,https://www.bergen.kommune.no/omkommunen/offentlig-innsyn/innsynplanogbyggesak/saksinnsyn/sak/BYGG-2026/16689
BYGG-2026/16688,4601,Bergen,Vestland,5221,Nesttunbrekka 75,2026-10-01,"42/214/0/0 Nesttunbrekka 75, påbygg bolig mm",Under behandling,False,https://www.bergen.kommune.no/omkommunen/offentlig-innsyn/innsynplanogbyggesak/saksinnsyn/sak/BYGG-2026/16688
BYGG-2026/16687,4601,Bergen,Vestland,5252,Skranevegen 56d,2026-10-01,"34/403/0/4 Skranevegen 56D, tilbygg bolig",Under behandling,False,https://www.bergen.kommune.no/omkommunen/offentlig-innsyn/innsynplanogbyggesak/saksinnsyn/sak/BYGG-2026/16687
BYGG-2026/16677,4601,Bergen,Vestland,,Furukollen 13g,2026-09-30,"149/680/0/0 Furukollen 13G, bruksendring, fasadeendring, tilbygg og påbygg",Under behandling,True,https://www.bergen.kommune.no/omkommunen/offentlig-innsyn/innsynplanogbyggesak/saksinnsyn/sak/BYGG-2026/16677
BYGG-2026/16676,4601,Bergen,Vestland,5106,Ervikveien 95,2026-09-30,"209/59/0/0 Ervikveien 95, nybygg garasje",Under behandling,True,https://www.bergen.kommune.no/omkommunen/offentlig-innsyn/innsynplanogbyggesak/saksinnsyn/sak/BYGG-2026/16676
BYGG-2026/16667,4601,Bergen,Vestland,,Geithusvegen 47,2026-09-30,"106/86/0/0 Geithusvegen 47, ny stikkledning",Under behandling,True,https://www.bergen.kommune.no/omkommunen/offentlig-innsyn/innsynplanogbyggesak/saksinnsyn/sak/BYGG-2026/16667
BYGG-2026/16665,4601,Bergen,Vestland,5032,Nye sandviksveien 84,2026-09-30,"167/592/0/0 Nye Sandviksveien 84, bruksendring",Under behandling,True,https://www.bergen.kommune.no/omkommunen/offentlig-innsyn/innsynplanogbyggesak/saksinnsyn/sak/BYGG-2026/16665
BYGG-2026/16664,4601,Bergen,Vestland,,Nøttveitvegen 21,2026-09-30,"88/123/0/0 Nøttveitvegen 21, framlegg og påkobling av vannledning",Under behandling,True,https://www.bergen.kommune.no/omkommunen/offentlig-innsyn/innsynplanogbyggesak/saksinnsyn/sak/BYGG-2026/16664
BYGG-2026/16662,4601,Bergen,Vestland,5099,Søre renen 37,2026-09-30,"10/300/0/0 Søre Renen 37, fasadeendring, tilbygg og bruksendring rekkehus",Under behandling,True,https://www.bergen.kommune.no/omkommunen/offentlig-innsyn/innsynplanogbyggesak/saksinnsyn/sak/BYGG-2026/16662
BYGG-2026/16658,4601,Bergen,Vestland,,Nøttveitvegen 19,2026-09-30,"88/16/0/0 Nøttveitvegen 19, framlegg og påkobling av vannledning",Under behandling,True,https://www.bergen.kommune.no/omkommunen/offentlig-innsyn/innsynplanogbyggesak/saksinnsyn/sak/BYGG-2026/16658
BYGG-2026/16650,4601,Bergen,Vestland,5008,Lars hilles gate 22,2026-09-30,"164/941/0/0 Lars Hilles gate 22, forhåndskonferanse -  etablering av ulike typer virksomheter",Under behandling,False,https://www.bergen.kommune.no/omkommunen/offentlig-innsyn/innsynplanogbyggesak/saksinnsyn/sak/BYGG-2026/16650
BYGG-2026/16643,4601,Bergen,Vestland,,Midthagen 2,2026-09-29,"294/170/0/0 Midthagen 2, tilbygg med samlet areal større enn 50 m2",Under behandling,True,https://www.bergen.kommune.no/omkommunen/offentlig-innsyn/innsynplanogbyggesak/saksinnsyn/sak/BYGG-2026/16643
BYGG-2026/16641,4601,Bergen,Vestland,5106,Nedre åstveit 2,2026-09-29,"209/1/0/0 Nedre Åstveit 2, forhåndskonferanse, deling av tomt grensejustering",Under behandling,False,https://www.bergen.kommune.no/omkommunen/offentlig-innsyn/innsynplanogbyggesak/saksinnsyn/sak/BYGG-2026/16641
BYGG-2026/16631,4601,Bergen,Vestland,,Kjenndalslia 21,2026-09-29,"43/546/0/0 Kjenndalslia 21, fasadeendring bolig mm",Under behandling,True,https://www.bergen.kommune.no/omkommunen/offentlig-innsyn/innsynplanogbyggesak/saksinnsyn/sak/BYGG-2026/16631
BYGG-2026/16629,4601,Bergen,Vestland,,,2026-09-29,"287/183/0/0 Vollavegen 6, endring av veianlegg",Under behandling,True,https://www.bergen.kommune.no/omkommunen/offentlig-innsyn/innsynplanogbyggesak/saksinnsyn/sak/BYGG-2026/16629
BYGG-2026/16626,4601,Bergen,Vestland,,Henrik wergelands gate 15,2026-09-29,"167/1029/0/0 Henrik Wergelands gate 15, bruksendring, fasade og tilbygg av bakgårdsbygning",Under behandling,True,https://www.bergen.kommune.no/omkommunen/offentlig-innsyn/innsynplanogbyggesak/saksinnsyn/sak/BYGG-2026/16626
BYGG-2026/16625,4601,Bergen,Vestland,,Ibsens gate 125,2026-09-29,"162/405/0/0 Ibsens gate 125, bruksendring og endring av planløsninger  i bolig",Under behandling,True,https://www.bergen.kommune.no/omkommunen/offentlig-innsyn/innsynplanogbyggesak/saksinnsyn/sak/BYGG-2026/16625
BYGG-2026/16618,4601,Bergen,Vestland,5230,Statsminister michelsens veg 64,2026-09-29,"13/569/0/0 Statsminister Michelsens veg 64, fasadeendring bolig",Under behandling,False,https://www.bergen.kommune.no/omkommunen/offentlig-innsyn/innsynplanogbyggesak/saksinnsyn/sak/BYGG-2026/16618
BYGG-2026/16612,4601,Bergen,Vestland,5267,Stephansens veg 28,2026-09-28,"295/54/0/0 Stephansens veg 28, terrasse, vernegjerde",Under behandling,False,https://www.bergen.kommune.no/omkommunen/offentlig-innsyn/innsynplanogbyggesak/saksinnsyn/sak/BYGG-2026/16612
BYGG-2026/16610,4601,Bergen,Vestland,,Grimstadvegen 605,2026-09-28,"30/158/0/0 Grimstadvegen 605, fritidsbygg tilknyttes kommunalt vann, utskiftning spillvann",Under behandling,True,https://www.bergen.kommune.no/omkommunen/offentlig-innsyn/innsynplanogbyggesak/saksinnsyn/sak/BYGG-2026/16610
BYGG-2026/16609,4601,Bergen,Vestland,,,2026-09-28,"159/667/0/0 Mindeveien 29, bruksendring loft",Under behandling,True,https://www.bergen.kommune.no/omkommunen/offentlig-innsyn/innsynplanogbyggesak/saksinnsyn/sak/BYGG-2026/16609
BYGG-2026/16604,4601,Bergen,Vestland,,Selvikveien 20,2026-09-28,"211/67/0/0 Selvikveien 20, bruksendring",Under behandling,True,https://www.bergen.kommune.no/omkommunen/offentlig-innsyn/innsynplanogbyggesak/saksinnsyn/sak/BYGG-2026/16604
BYGG-2026/16603,4601,Bergen,Vestland,,,2026-09-28,"22/4/0/0 Torgny Segerstedts vei 182, teknisk installasjon i bygg - trappeheis",Under behandling,True,https://www.bergen.kommune.no/omkommunen/offentlig-innsyn/innsynplanogbyggesak/saksinnsyn/sak/BYGG-2026/16603
BYGG-2026/16602,4601,Bergen,Vestland,,,2026-09-28,"143/438/0/0 Lerums vei 1, påbygg bolig",Under behandling,True,https://www.bergen.kommune.no/omkommunen/offentlig-innsyn/innsynplanogbyggesak/saksinnsyn/sak/BYGG-2026/16602
BYGG-2026/16592,4601,Bergen,Vestland,,Jansons gate 21,2026-09-28,"153/220/0/3 Jansons gate 21, fasadeendring og bruksendring loft i bolig",Under behandling,True,https://www.bergen.kommune.no/omkommunen/offentlig-innsyn/innsynplanogbyggesak/saksinnsyn/sak/BYGG-2026/16592
BYGG-2026/16590,4601,Bergen,Vestland,,Nattlandsveien 11,2026-09-28,"160/453/0/0 Nattlandsveien 11, fasadeendring, bruksendring, endring brannskille i bolig",Under behandling,True,https://www.bergen.kommune.no/omkommunen/offentlig-innsyn/innsynplanogbyggesak/saksinnsyn/sak/BYGG-2026/16590
BYGG-2026/16589,4601,Bergen,Vestland,5136,Lokketodalen 4,2026-09-28,"182/236/0/0 Lokketodalen 4, bruksendring bolig",Under behandling,False,https://www.bergen.kommune.no/omkommunen/offentlig-innsyn/innsynplanogbyggesak/saksinnsyn/sak/BYGG-2026/16589
BYGG-2026/16588,4601,Bergen,Vestland,5252,Grimstadneset 63,2026-09-28,"30/74/0/0 Grimstadneset 63, tilbygg med samlet areal mindre enn 50 m2",Under behandling,True,https://www.bergen.kommune.no/omkommunen/offentlig-innsyn/innsynplanogbyggesak/saksinnsyn/sak/BYGG-2026/16588
BYGG-2026/16583,4601,Bergen,Vestland,5146,Krohnegården 202b,2026-09-28,"26/91/0/0 Krohnegården 202B, riving av uthus",Under behandling,False,https://www.bergen.kommune.no/omkommunen/offentlig-innsyn/innsynplanogbyggesak/saksinnsyn/sak/BYGG-2026/16583
BYGG-2026/16582,4601,Bergen,Vestland,5165,Wallemsvikveien 15,2026-09-28,"146/190/0/0 Wallemsvikveien 15, fasadeendring, tilbygg og bruksendring bolig",Under behandling,False,https://www.bergen.kommune.no/omkommunen/offentlig-innsyn/innsynplanogbyggesak/saksinnsyn/sak/BYGG-2026/16582
BYGG-2026/16579,4601,Bergen,Vestland,,,2026-09-28,"26/377/0/0 Krohnegården, nybygg tomannsbolig",Under behandling,True,https://www.bergen.kommune.no/omkommunen/offentlig-innsyn/innsynplanogbyggesak/saksinnsyn/sak/BYGG-2026/16579
BYGG-2026/16577,4601,Bergen,Vestland,5244,Hordnesvegen 259,2026-09-28,"98/86/0/0 Hordnesvegen 259, bruksendring fra fritidsbolig til enebolig, dispensasjon",Under behandling,True,https://www.bergen.kommune.no/omkommunen/offentlig-innsyn/innsynplanogbyggesak/saksinnsyn/sak/BYGG-2026/16577
BYGG-2026/16571,4601,Bergen,Vestland,5170,Søndre ravnedalen 4,2026-09-28,"122/320/0/0 Søndre Ravnedalen 4, bruksendring bolig",Under behandling,False,https://www.bergen.kommune.no/omkommunen/offentlig-innsyn/innsynplanogbyggesak/saksinnsyn/sak/BYGG-2026/16571
BYGG-2026/16569,4601,Bergen,Vestland,5136,Lokketovegen 24,2026-09-28,"182/298/0/0 Lokketovegen 24, frittliggende dobbeltgarasje",Under behandling,False,https://www.bergen.kommune.no/omkommunen/offentlig-innsyn/innsynplanogbyggesak/saksinnsyn/sak/BYGG-2026/16569
BYGG-2026/16562,4601,Bergen,Vestland,5109,Hylkjevegen 24,2026-09-28,"198/206/0/0 Hylkjevegen 24, oppføring av støttemur",Under behandling,True,https://www.bergen.kommune.no/omkommunen/offentlig-innsyn/innsynplanogbyggesak/saksinnsyn/sak/BYGG-2026/16562
BYGG-2026/16559,4601,Bergen,Vestland,5007,Harald hårfagres gate 35,2026-09-25,"164/574/0/0 Harald Hårfagres gate 35, forhåndskonferanse",Under behandling,True,https://www.bergen.kommune.no/omkommunen/offentlig-innsyn/innsynplanogbyggesak/saksinnsyn/sak/BYGG-2026/16559
BYGG-2026/16552,4601,Bergen,Vestland,,,2026-09-25,"98/303/0/0 Hordnesvegen 84A, nybygg garasje",Under behandling,False,https://www.bergen.kommune.no/omkommunen/offentlig-innsyn/innsynplanogbyggesak/saksinnsyn/sak/BYGG-2026/16552
BYGG-2026/16543,4601,Bergen,Vestland,,,2026-09-25,"167/1756/0/0 Klingesmauet, nybygg bolig",Under behandling,True,https://www.bergen.kommune.no/omkommunen/offentlig-innsyn/innsynplanogbyggesak/saksinnsyn/sak/BYGG-2026/16543
BYGG-2026/16539,4601,Bergen,Vestland,,Grindhaugvegen 86,2026-09-25,"106/449/0/0 Grindhaugvegen 86, frittstående carport",Under behandling,True,https://www.bergen.kommune.no/omkommunen/offentlig-innsyn/innsynplanogbyggesak/saksinnsyn/sak/BYGG-2026/16539
BYGG-2026/16538,4601,Bergen,Vestland,5018,Kong oscars gate 81,2026-09-25,"166/555/0/0 Kong Oscars gate 81, forhåndskonferanse, påbygg næringsbygg",Under behandling,True,https://www.bergen.kommune.no/omkommunen/offentlig-innsyn/innsynplanogbyggesak/saksinnsyn/sak/BYGG-2026/16538
BYGG-2026/16535,4601,Bergen,Vestland,5011,Vestre murallmenningen 14,2026-09-25,"165/1110/0/0 Vestre Murallmenningen 14, garasje",Under behandling,True,https://www.bergen.kommune.no/omkommunen/offentlig-innsyn/innsynplanogbyggesak/saksinnsyn/sak/BYGG-2026/16535
BYGG-2026/16534,4601,Bergen,Vestland,5101,Lyngveien 30,2026-09-25,"216/567/0/0 Lyngveien 30, fasadeendring, tilbygg og bruksendring bolig, oppgradering garasje",Under behandling,True,https://www.bergen.kommune.no/omkommunen/offentlig-innsyn/innsynplanogbyggesak/saksinnsyn/sak/BYGG-2026/16534
BYGG-2026/16530,4601,Bergen,Vestland,5232,Tømmeråsen 27,2026-09-25,"41/229/0/0 Tømmeråsen 27, endring av bygg - utvendig - Fasade",Under behandling,True,https://www.bergen.kommune.no/omkommunen/offentlig-innsyn/innsynplanogbyggesak/saksinnsyn/sak/BYGG-2026/16530
BYGG-2026/16521,4601,Bergen,Vestland,5268,Langedalen 46,2026-09-24,"296/4/0/0 Langedalen 46, forhåndskonferanse, nybygg bolig",Under behandling,True,https://www.bergen.kommune.no/omkommunen/offentlig-innsyn/innsynplanogbyggesak/saksinnsyn/sak/BYGG-2026/16521
BYGG-2026/16516,4601,Bergen,Vestland,,,2026-09-24,"168/570/0/0 Formanns vei 12, fasadeendring bolig",Under behandling,True,https://www.bergen.kommune.no/omkommunen/offentlig-innsyn/innsynplanogbyggesak/saksinnsyn/sak/BYGG-2026/16516
BYGG-2026/16515,4601,Bergen,Vestland,,Øvre sollien 44,2026-09-24,"161/608/0/0 Øvre Sollien 44, tilbygg bolig mm",Under behandling,True,https://www.bergen.kommune.no/omkommunen/offentlig-innsyn/innsynplanogbyggesak/saksinnsyn/sak/BYGG-2026/16515
BYGG-2026/16514,4601,Bergen,Vestland,5224,Midtunhaugen 17,2026-09-24,"43/311/0/0 Midtunhaugen 17, søknad om ferdigattest",Under behandling,True,https://www.bergen.kommune.no/omkommunen/offentlig-innsyn/innsynplanogbyggesak/saksinnsyn/sak/BYGG-2026/16514
BYGG-2026/16511,4601,Bergen,Vestland,,Ole irgens' vei 39,2026-09-24,"166/1058/0/0 Ole Irgens' vei 39, endring i bærekonstruksjon bolig",Under behandling,True,https://www.bergen.kommune.no/omkommunen/offentlig-innsyn/innsynplanogbyggesak/saksinnsyn/sak/BYGG-2026/16511
BYGG-2026/16510,4601,Bergen,Vestland,,Sollien 144h,2026-09-24,"161/351/0/0 Sollien 144H, tilbygg rekkehus",Under behandling,True,https://www.bergen.kommune.no/omkommunen/offentlig-innsyn/innsynplanogbyggesak/saksinnsyn/sak/BYGG-2026/16510
BYGG-2026/16509,4601,Bergen,Vestland,,Nordre toppe 25,2026-09-24,"183/18/0/0 Nordre Toppe 25, nybygg av rekkehus (3 boenheter), riving garasje",Under behandling,True,https://www.bergen.kommune.no/omkommunen/offentlig-innsyn/innsynplanogbyggesak/saksinnsyn/sak/BYGG-2026/16509
BYGG-2026/16508,4601,Bergen,Vestland,,,2026-09-24,"20/621/0/0 Våkleiven 57, tilbygg bolig",Under behandling,False,https://www.bergen.kommune.no/omkommunen/offentlig-innsyn/innsynplanogbyggesak/saksinnsyn/sak/BYGG-2026/16508
BYGG-2026/16507,4601,Bergen,Vestland,5243,Fanafjellsvegen 356,2026-09-24,"92/39/0/0 Fanafjellsvegen 356, bruksendring av skolebygg til enebolig",Under behandling,True,https://www.bergen.kommune.no/omkommunen/offentlig-innsyn/innsynplanogbyggesak/saksinnsyn/sak/BYGG-2026/16507
BYGG-2026/16506,4601,Bergen,Vestland,5252,Akslabakken 4,2026-09-24,"33/82/0/1 Akslabakken 4, bruksendring bolig",Under behandling,False,https://www.bergen.kommune.no/omkommunen/offentlig-innsyn/innsynplanogbyggesak/saksinnsyn/sak/BYGG-2026/16506
BYGG-2026/16498,4601,Bergen,Vestland,5179,Janahaugen 15,2026-09-24,"136/287/0/0 Janahaugen 15, bruksendring bolig",Under behandling,False,https://www.bergen.kommune.no/omkommunen/offentlig-innsyn/innsynplanogbyggesak/saksinnsyn/sak/BYGG-2026/16498
BYGG-2026/16496,4601,Bergen,Vestland,5230,Statsminister michelsens veg 69a,2026-09-24,"13/1055/0/0 Statsminister Michelsens veg 69A, forhåndskonferanse, byggetiltak",Under behandling,True,https://www.bergen.kommune.no/omkommunen/offentlig-innsyn/innsynplanogbyggesak/saksinnsyn/sak/BYGG-2026/16496
BYGG-2026/16491,4601,Bergen,Vestland,5258,Blomstølvegen 9,2026-09-23,"112/130/0/0 Blomstølvegen 9, fasadeendring, takopplett og bruksendring bolig",Under behandling,True,https://www.bergen.kommune.no/omkommunen/offentlig-innsyn/innsynplanogbyggesak/saksinnsyn/sak/BYGG-2026/16491
BYGG-2026/16490,4601,Bergen,Vestland,5130,Myrdalsvegen 1,2026-09-23,"189/192/0/0 Myrdalsvegen 1, skilt/reklame høyde med inntil 3,5m og bredde inntil 1,5m - frittstående",Under behandling,True,https://www.bergen.kommune.no/omkommunen/offentlig-innsyn/innsynplanogbyggesak/saksinnsyn/sak/BYGG-2026/16490
BYGG-2026/16487,4601,Bergen,Vestland,,,2026-09-23,"16/1/0/0 Straumeveien 17C, bruksendring av tilsynsbygning til dagsturhytte",Under behandling,True,https://www.bergen.kommune.no/omkommunen/offentlig-innsyn/innsynplanogbyggesak/saksinnsyn/sak/BYGG-2026/16487
BYGG-2026/16485,4601,Bergen,Vestland,,Kirkegaten 4,2026-09-23,"168/1922/0/0 Kirkegaten 4, utskifting av heis",Under behandling,True,https://www.bergen.kommune.no/omkommunen/offentlig-innsyn/innsynplanogbyggesak/saksinnsyn/sak/BYGG-2026/16485
BYGG-2026/16484,4601,Bergen,Vestland,5136,Marikollen 56,2026-09-23,"182/225/0/0 Marikollen 56, tilbygg med samlet areal større enn 50 m2",Under behandling,True,https://www.bergen.kommune.no/omkommunen/offentlig-innsyn/innsynplanogbyggesak/saksinnsyn/sak/BYGG-2026/16484
BYGG-2026/16482,4601,Bergen,Vestland,5101,Furulien 40,2026-09-23,"216/585/0/0 Furulien 40, tilbygg og fasadeendring bolig",Under behandling,True,https://www.bergen.kommune.no/omkommunen/offentlig-innsyn/innsynplanogbyggesak/saksinnsyn/sak/BYGG-2026/16482
BYGG-2026/16475,4601,Bergen,Vestland,5039,Helleveien 176,2026-09-23,"168/236/0/0 Helleveien 176, bruksendring kjelleretsje i bolig",Under behandling,False,https://www.bergen.kommune.no/omkommunen/offentlig-innsyn/innsynplanogbyggesak/saksinnsyn/sak/BYGG-2026/16475
BYGG-2026/16472,4601,Bergen,Vestland,,,2026-09-23,"10/830/0/0 Ingen adresse, forhåndskonferanse, nybygg bolig",Under behandling,True,https://www.bergen.kommune.no/omkommunen/offentlig-innsyn/innsynplanogbyggesak/saksinnsyn/sak/BYGG-2026/16472
BYGG-2026/16470,4601,Bergen,Vestland,,Åsamyrane 167,2026-09-23,"189/121/0/0 Åsamyrane 167, utskiftning og fjerning av tanker på drivstoffanlegget",Under behandling,True,https://www.bergen.kommune.no/omkommunen/offentlig-innsyn/innsynplanogbyggesak/saksinnsyn/sak/BYGG-2026/16470
BYGG-2026/16469,4601,Bergen,Vestland,5152,Bergveien 54,2026-09-23,"20/393/0/0 Bergveien 58, oppføring av carport",Under behandling,True,https://www.bergen.kommune.no/omkommunen/offentlig-innsyn/innsynplanogbyggesak/saksinnsyn/sak/BYGG-2026/16469
BYGG-2026/16462,4601,Bergen,Vestland,,,2026-09-23,"189/367/0/0 Åsamyrane, utbedring av avkjørsel",Under behandling,True,https://www.bergen.kommune.no/omkommunen/offentlig-innsyn/innsynplanogbyggesak/saksinnsyn/sak/BYGG-2026/16462
BYGG-2026/16461,4601,Bergen,Vestland,5009,Møllendalsveien 34,2026-09-23,"166/1676/0/0 Ingen adresse, vesentlig terrenginngrep - ny offentlig torg og park med bystrand mm",Under behandling,True,https://www.bergen.kommune.no/omkommunen/offentlig-innsyn/innsynplanogbyggesak/saksinnsyn/sak/BYGG-2026/16461
BYGG-2026/16458,4601,Bergen,Vestland,,,2026-09-23,"164/787/0/0 4601-164/787/0/0, endring av underjordisk tunnel",Under behandling,True,https://www.bergen.kommune.no/omkommunen/offentlig-innsyn/innsynplanogbyggesak/saksinnsyn/sak/BYGG-2026/16458
BYGG-2026/16457,4601,Bergen,Vestland,5036,Sandviksveien 2,2026-09-23,-,Under behandling,True,https://www.bergen.kommune.no/omkommunen/offentlig-innsyn/innsynplanogbyggesak/saksinnsyn/sak/BYGG-2026/16457
BYGG-2026/16456,4601,Bergen,Vestland,5016,Grønnesmauet 4,2026-09-23,"166/867/0/0 Grønnesmauet 10, bærekonstruksjoner i bygg",Under behandling,True,https://www.bergen.kommune.no/omkommunen/offentlig-innsyn/innsynplanogbyggesak/saksinnsyn/sak/BYGG-2026/16456
BYGG-2026/16455,4601,Bergen,Vestland,5178,Skålevikstølen 41,2026-09-23,"144/94/0/0 Skålevikstølen 41, bruksendring bolig",Under behandling,False,https://www.bergen.kommune.no/omkommunen/offentlig-innsyn/innsynplanogbyggesak/saksinnsyn/sak/BYGG-2026/16455
BYGG-2026/16454,4601,Bergen,Vestland,5265,Ivar aasgaards veg 1,2026-09-23,"302/554/0/0 Ivar Aasgaards veg 1, badstue/sauna",Under behandling,True,https://www.bergen.kommune.no/omkommunen/offentlig-innsyn/innsynplanogbyggesak/saksinnsyn/sak/BYGG-2026/16454
BYGG-2026/16453,4601,Bergen,Vestland,5224,Midtunhaugen 17,2026-09-23,"43/311/0/0 Midtunhaugen 17, byggetiltak",Under behandling,True,https://www.bergen.kommune.no/omkommunen/offentlig-innsyn/innsynplanogbyggesak/saksinnsyn/sak/BYGG-2026/16453
BYGG-2026/16452,4601,Bergen,Vestland,,,2026-09-23,"42/557/0/0 Østre Nesttunvegen 8, skilt/reklame større enn 6,5 m2 - fasade",Under behandling,True,https://www.bergen.kommune.no/omkommunen/offentlig-innsyn/innsynplanogbyggesak/saksinnsyn/sak/BYGG-2026/16452
BYGG-2026/16451,4601,Bergen,Vestland,5228,Lilletveitvegen 80,2026-09-23,"47/118/0/0 Lilletveitvegen 80, diverse byggetiltak",Under behandling,True,https://www.bergen.kommune.no/omkommunen/offentlig-innsyn/innsynplanogbyggesak/saksinnsyn/sak/BYGG-2026/16451
BYGG-2026/16450,4601,Bergen,Vestland,5131,Nordre brurås 43,2026-09-22,"200/26/0/0 Nordre Brurås 43, fyllestasjon for biogass",Under behandling,True,https://www.bergen.kommune.no/omkommunen/offentlig-innsyn/innsynplanogbyggesak/saksinnsyn/sak/BYGG-2026/16450
BYGG-2026/16444,4601,Bergen,Vestland,5224,Midtunvegen 19b,2026-09-22,"43/874/0/0 Midtunvegen 19B, ferdigattest nybygg bod",Under behandling,False,https://www.bergen.kommune.no/omkommunen/offentlig-innsyn/innsynplanogbyggesak/saksinnsyn/sak/BYGG-2026/16444
BYGG-2026/16443,4601,Bergen,Vestland,,Falkangervegen 178,2026-09-22,"178/35/0/0 Falkangervegen 178, riving av hele bygg - fritidsbolig",Under behandling,True,https://www.bergen.kommune.no/omkommunen/offentlig-innsyn/innsynplanogbyggesak/saksinnsyn/sak/BYGG-2026/16443
BYGG-2026/16439,4601,Bergen,Vestland,,Landåssvingen 10,2026-09-22,"161/690/0/0 Landåssvingen 10, bruksendring rekkehus",Under behandling,True,https://www.bergen.kommune.no/omkommunen/offentlig-innsyn/innsynplanogbyggesak/saksinnsyn/sak/BYGG-2026/16439
BYGG-2026/16434,4601,Bergen,Vestland,5231,Stabburvegen 21,2026-09-22,"13/802/0/0 Stabburvegen 21, forhåndskonferanse, endret innkjøring til eiendom",Under behandling,True,https://www.bergen.kommune.no/omkommunen/offentlig-innsyn/innsynplanogbyggesak/saksinnsyn/sak/BYGG-2026/16434
BYGG-2026/16433,4601,Bergen,Vestland,,,2026-09-22,"198/122/0/0 Hylkjeneset 10, bruksendring til klubbhus/forsmalingslokaler",Under behandling,True,https://www.bergen.kommune.no/omkommunen/offentlig-innsyn/innsynplanogbyggesak/saksinnsyn/sak/BYGG-2026/16433
BYGG-2026/16432,4601,Bergen,Vestland,,,2026-09-22,"165/874/0/0 Nøstetorget 5, bruksendring forretningsbygg",Under behandling,True,https://www.bergen.kommune.no/omkommunen/offentlig-innsyn/innsynplanogbyggesak/saksinnsyn/sak/BYGG-2026/16432
BYGG-2026/16428,4601,Bergen,Vestland,5039,Øvre lønborg 35,2026-09-22,"168/1864/0/0 Øvre Lønborg 35, garasje",Under behandling,False,https://www.bergen.kommune.no/omkommunen/offentlig-innsyn/innsynplanogbyggesak/saksinnsyn/sak/BYGG-2026/16428
BYGG-2026/16425,4601,Bergen,Vestland,,,2026-09-22,"125/196/0/0 Junos vei 13, bruksendring fra tilleggsdel til hoveddel",Under behandling,True,https://www.bergen.kommune.no/omkommunen/offentlig-innsyn/innsynplanogbyggesak/saksinnsyn/sak/BYGG-2026/16425
BYGG-2026/16423,4601,Bergen,Vestland,5165,Wallemsskogen 27,2026-09-22,"146/226/0/0 Wallemsskogen 27, tilbygg rekkehus",Under behandling,True,https://www.bergen.kommune.no/omkommunen/offentlig-innsyn/innsynplanogbyggesak/saksinnsyn/sak/BYGG-2026/16423
BYGG-2026/16421,4601,Bergen,Vestland,5018,Kong oscars gate 90,2026-09-22,"166/558/0/0 Kong Oscars gate 90, konstruksjon til parkeringsplasser",Under behandling,True,https://www.bergen.kommune.no/omkommunen/offentlig-innsyn/innsynplanogbyggesak/saksinnsyn/sak/BYGG-2026/16421
BYGG-2026/16409,4601,Bergen,Vestland,5176,Brønndalen 95,2026-09-21,"123/274/0/0 Brønndalen 95, nybygg bod",Under behandling,False,https://www.bergen.kommune.no/omkommunen/offentlig-innsyn/innsynplanogbyggesak/saksinnsyn/sak/BYGG-2026/16409
BYGG-2026/16407,4601,Bergen,Vestland,5223,Midtlia 12,2026-09-21,"46/299/0/0 Midtlia 12, takopplett bolig",Under behandling,True,https://www.bergen.kommune.no/omkommunen/offentlig-innsyn/innsynplanogbyggesak/saksinnsyn/sak/BYGG-2026/16407
BYGG-2026/16404,4601,Bergen,Vestland,5144,Dag hammarskjölds vei 7,2026-09-21,"24/12/0/0 Dag Hammarskjölds vei 7, solkjerming vinduer på skole",Under behandling,True,https://www.bergen.kommune.no/omkommunen/offentlig-innsyn/innsynplanogbyggesak/saksinnsyn/sak/BYGG-2026/16404
BYGG-2026/16403,4601,Bergen,Vestland,,Olsvikåsen 5,2026-09-21,"142/29/0/0 Olsvikåsen 5, endring skinne til trappeheis",Under behandling,True,https://www.bergen.kommune.no/omkommunen/offentlig-innsyn/innsynplanogbyggesak/saksinnsyn/sak/BYGG-2026/16403
BYGG-2026/16398,4601,Bergen,Vestland,,Vestre torggaten 8,2026-09-21,"164/1070/0/0 Vestre Torggaten 8, utskiftning av personheis",Under behandling,True,https://www.bergen.kommune.no/omkommunen/offentlig-innsyn/innsynplanogbyggesak/saksinnsyn/sak/BYGG-2026/16398
BYGG-2026/16397,4601,Bergen,Vestland,,Tartargaten 18,2026-09-21,"167/225/0/0 Tartargaten 16, bruksendring bolig",Under behandling,True,https://www.bergen.kommune.no/omkommunen/offentlig-innsyn/innsynplanogbyggesak/saksinnsyn/sak/BYGG-2026/16397
BYGG-2026/16394,4601,Bergen,Vestland,5154,Bønesskogen 35,2026-09-21,"20/833/0/0 Bønesskogen 35, tilbygg og bruksendring rekkehus, oppføring støttemur",Under behandling,True,https://www.bergen.kommune.no/omkommunen/offentlig-innsyn/innsynplanogbyggesak/saksinnsyn/sak/BYGG-2026/16394
BYGG-2026/16383,4601,Bergen,Vestland,5243,Hamrevegen 112,2026-09-21,"83/18/0/0 Hamrevegen 112, nybygg garasje",Under behandling,False,https://www.bergen.kommune.no/omkommunen/offentlig-innsyn/innsynplanogbyggesak/saksinnsyn/sak/BYGG-2026/16383
BYGG-2026/16377,4601,Bergen,Vestland,5229,Bontveitvegen 728,2026-09-21,"65/25/0/0 Bontveitvegen 728, nybygg bolig, riving fritidsbolig",Under behandling,True,https://www.bergen.kommune.no/omkommunen/offentlig-innsyn/innsynplanogbyggesak/saksinnsyn/sak/BYGG-2026/16377
BYGG-2026/16376,4601,Bergen,Vestland,,Sandslikroken 20,2026-09-21,"116/188/0/0 Sandslikroken 20, fasadeendring og tilbygg bolig",Under behandling,False,https://www.bergen.kommune.no/omkommunen/offentlig-innsyn/innsynplanogbyggesak/saksinnsyn/sak/BYGG-2026/16376
BYGG-2026/16375,4601,Bergen,Vestland,5231,Birkelundsbakken 72a,2026-09-21,"11/274/0/0 Birkelundsbakken 72A, fasadeendring bolig",Under behandling,True,https://www.bergen.kommune.no/omkommunen/offentlig-innsyn/innsynplanogbyggesak/saksinnsyn/sak/BYGG-2026/16375
BYGG-2026/16374,4601,Bergen,Vestland,,Farvikvegen 29b,2026-09-21,"185/43/0/0 Farvikvegen 29B, tilbygg bolig",Under behandling,True,https://www.bergen.kommune.no/omkommunen/offentlig-innsyn/innsynplanogbyggesak/saksinnsyn/sak/BYGG-2026/16374
BYGG-2026/16373,4601,Bergen,Vestland,,Søre skulstad 131,2026-09-21,"270/9/0/0 Søre Skulstad 131, nybygg driftsbygning",Under behandling,True,https://www.bergen.kommune.no/omkommunen/offentlig-innsyn/innsynplanogbyggesak/saksinnsyn/sak/BYGG-2026/16373
BYGG-2026/16372,4601,Bergen,Vestland,5165,Gravdalslien 32,2026-09-21,"146/109/0/0 Gravdalslien 32, etablering av minirenseanlegg",Under behandling,True,https://www.bergen.kommune.no/omkommunen/offentlig-innsyn/innsynplanogbyggesak/saksinnsyn/sak/BYGG-2026/16372
BYGG-2026/16351,4601,Bergen,Vestland,5238,Apeltunhaugene 201,2026-09-18,"87/176/0/0 Apeltunhaugene 201, søknad om dispensasjon",Under behandling,True,https://www.bergen.kommune.no/omkommunen/offentlig-innsyn/innsynplanogbyggesak/saksinnsyn/sak/BYGG-2026/16351
BYGG-2026/16343,4601,Bergen,Vestland,5151,Knappenveien 34,2026-09-18,"28/106/0/0 Knappenveien 34, bruksendring bolig",Under behandling,False,https://www.bergen.kommune.no/omkommunen/offentlig-innsyn/innsynplanogbyggesak/saksinnsyn/sak/BYGG-2026/16343
BYGG-2026/16341,4601,Bergen,Vestland,5164,Øvre lyngbø 35,2026-09-18,"148/420/0/0 Øvre Lyngbø 35, bruksendring garasjedel av bolig",Under behandling,False,https://www.bergen.kommune.no/omkommunen/offentlig-innsyn/innsynplanogbyggesak/saksinnsyn/sak/BYGG-2026/16341
BYGG-2026/16335,4601,Bergen,Vestland,5004,C. sundts gate 55,2026-09-18,"165/135/0/0 C. Sundts gate 55, forhåndskonferanse, bruksendring næringsbygg",Under behandling,True,https://www.bergen.kommune.no/omkommunen/offentlig-innsyn/innsynplanogbyggesak/saksinnsyn/sak/BYGG-2026/16335
BYGG-2026/16317,4601,Bergen,Vestland,,Sletteviksvegen 48,2026-09-18,"185/33/0/0 Slettevikvegen 48, brygge og båtheis",Under behandling,True,https://www.bergen.kommune.no/omkommunen/offentlig-innsyn/innsynplanogbyggesak/saksinnsyn/sak/BYGG-2026/16317
BYGG-2026/16316,4601,Bergen,Vestland,,Helleveien 172,2026-09-18,"168/232/0/0 Helleveien 172, bruksendring fra tilleggsdel til hoveddel",Under behandling,True,https://www.bergen.kommune.no/omkommunen/offentlig-innsyn/innsynplanogbyggesak/saksinnsyn/sak/BYGG-2026/16316
BYGG-2026/16315,4601,Bergen,Vestland,,Nipedalen 254,2026-09-18,"148/681/0/0 Nipedalen 254, tilbygg til rekkehus",Under behandling,True,https://www.bergen.kommune.no/omkommunen/offentlig-innsyn/innsynplanogbyggesak/saksinnsyn/sak/BYGG-2026/16315
BYGG-2026/16314,4601,Bergen,Vestland,,Cappes vei 2,2026-09-18,"166/790/0/0 Cappes vei 2, bruksendring og fasadeendring bolig",Under behandling,True,https://www.bergen.kommune.no/omkommunen/offentlig-innsyn/innsynplanogbyggesak/saksinnsyn/sak/BYGG-2026/16314
BYGG-2026/16310,4601,Bergen,Vestland,,,2026-09-18,"22/441/0/0 Krokatjønnveien 11A, fasadeendring og endring brannskille i kjøpesenter",Under behandling,True,https://www.bergen.kommune.no/omkommunen/offentlig-innsyn/innsynplanogbyggesak/saksinnsyn/sak/BYGG-2026/16310
BYGG-2026/16308,4601,Bergen,Vestland,5244,Hordnesvegen 278,2026-09-18,"98/147/0/0 Hordnesvegen 278, endringer naust og brygge",Under behandling,True,https://www.bergen.kommune.no/omkommunen/offentlig-innsyn/innsynplanogbyggesak/saksinnsyn/sak/BYGG-2026/16308
BYGG-2026/16307,4601,Bergen,Vestland,,Steinsvikskrenten 43,2026-09-18,"39/511/0/0 Steinsvikskrenten 43, fasadeendring og bruksendring bolig",Under behandling,True,https://www.bergen.kommune.no/omkommunen/offentlig-innsyn/innsynplanogbyggesak/saksinnsyn/sak/BYGG-2026/16307
BYGG-2026/16306,4601,Bergen,Vestland,5260,Storaneset 12,2026-09-18,"286/299/0/0 Storaneset 12, montere fettutskiller/bod",Under behandling,True,https://www.bergen.kommune.no/omkommunen/offentlig-innsyn/innsynplanogbyggesak/saksinnsyn/sak/BYGG-2026/16306
BYGG-2026/16299,4601,Bergen,Vestland,5057,Bøhmergaten 5,2026-09-17,"158/188/0/0 Bøhmergaten 5, fasadeendring, bruksendring og endring boenheter i bolig",Under behandling,True,https://www.bergen.kommune.no/omkommunen/offentlig-innsyn/innsynplanogbyggesak/saksinnsyn/sak/BYGG-2026/16299
BYGG-2026/16298,4601,Bergen,Vestland,,Blaauws vei 1,2026-09-17,"166/1601/0/0 Blaauws vei 1, fasadeendring og bruksendring bolig",Under behandling,True,https://www.bergen.kommune.no/omkommunen/offentlig-innsyn/innsynplanogbyggesak/saksinnsyn/sak/BYGG-2026/16298
BYGG-2026/16297,4601,Bergen,Vestland,5235,Nordåsgrenda 78,2026-09-17,"121/417/0/0 Nordåsgrenda 106, bruksendring kjelleretasje i rekkehus",Under behandling,False,https://www.bergen.kommune.no/omkommunen/offentlig-innsyn/innsynplanogbyggesak/saksinnsyn/sak/BYGG-2026/16297
BYGG-2026/16287,4601,Bergen,Vestland,,Søndre skogveien 39f,2026-09-17,"158/414/0/0 Søndre Skogveien 39F, bruksendring fra tilleggsdel til hoveddel",Under behandling,True,https://www.bergen.kommune.no/omkommunen/offentlig-innsyn/innsynplanogbyggesak/saksinnsyn/sak/BYGG-2026/16287
BYGG-2026/16286,4601,Bergen,Vestland,,Torgny segerstedts vei 183,2026-09-17,"22/398/0/0 Torgny Segerstedts vei 183, fasadeendring, tilbygg og bruksendring bolig, parkering",Under behandling,True,https://www.bergen.kommune.no/omkommunen/offentlig-innsyn/innsynplanogbyggesak/saksinnsyn/sak/BYGG-2026/16286
BYGG-2026/16283,4601,Bergen,Vestland,,Øvre fyllingsveien 123,2026-09-17,"25/441/0/29 Øvre Fyllingsveien 123, bruksendring bolig",Under behandling,False,https://www.bergen.kommune.no/omkommunen/offentlig-innsyn/innsynplanogbyggesak/saksinnsyn/sak/BYGG-2026/16283
BYGG-2026/16273,4601,Bergen,Vestland,,,2026-09-17,"25/271/0/0 Ingen adresse, forhåndskonferanse - Ubygging",Under behandling,True,https://www.bergen.kommune.no/omkommunen/offentlig-innsyn/innsynplanogbyggesak/saksinnsyn/sak/BYGG-2026/16273
BYGG-2026/16264,4601,Bergen,Vestland,5063,Finnbergåsen 67,2026-09-16,"159/323/0/0 Finnbergåsen 67, fasadeendring bolig",Under behandling,True,https://www.bergen.kommune.no/omkommunen/offentlig-innsyn/innsynplanogbyggesak/saksinnsyn/sak/BYGG-2026/16264
BYGG-2026/16263,4601,Bergen,Vestland,5039,Helleveien 240,2026-09-16,"168/293/0/0 Helleveien 240, fasadeendring og bruksendring bolig",Under behandling,True,https://www.bergen.kommune.no/omkommunen/offentlig-innsyn/innsynplanogbyggesak/saksinnsyn/sak/BYGG-2026/16263
BYGG-2026/16260,4601,Bergen,Vestland,5151,Straumeveien 184,2026-09-16,"21/159/0/0 Straumeveien 184, oppføring av platting",Under behandling,False,https://www.bergen.kommune.no/omkommunen/offentlig-innsyn/innsynplanogbyggesak/saksinnsyn/sak/BYGG-2026/16260
BYGG-2026/16258,4601,Bergen,Vestland,,,2026-09-16,"20/118/0/0 Rogges vei 68, tilbygg, påbygg og fasadeendring  bolig",Under behandling,True,https://www.bergen.kommune.no/omkommunen/offentlig-innsyn/innsynplanogbyggesak/saksinnsyn/sak/BYGG-2026/16258
BYGG-2026/16256,4601,Bergen,Vestland,,Råvarden 136b,2026-09-16,"119/812/0/0 Råvarden 136B, montering av trappeheis",Under behandling,True,https://www.bergen.kommune.no/omkommunen/offentlig-innsyn/innsynplanogbyggesak/saksinnsyn/sak/BYGG-2026/16256
BYGG-2026/16244,4601,Bergen,Vestland,5005,Klostersmauet 4,2026-09-16,"165/366/0/0 Klostersmauet 4, fasadeendring og bruksendring bolig",Under behandling,True,https://www.bergen.kommune.no/omkommunen/offentlig-innsyn/innsynplanogbyggesak/saksinnsyn/sak/BYGG-2026/16244
BYGG-2026/16241,4601,Bergen,Vestland,,,2026-09-16,"30/169/0/0 Kvitura 98, oppføring av bod samt platting for uteopphold",Under behandling,True,https://www.bergen.kommune.no/omkommunen/offentlig-innsyn/innsynplanogbyggesak/saksinnsyn/sak/BYGG-2026/16241
BYGG-2026/16225,4601,Bergen,Vestland,,,2026-09-15,"44/686/0/0 Slåtthaugvegen 134, plassering av midlertidig skolepaviljong",Under behandling,True,https://www.bergen.kommune.no/omkommunen/offentlig-innsyn/innsynplanogbyggesak/saksinnsyn/sak/BYGG-2026/16225
BYGG-2026/16224,4601,Bergen,Vestland,5260,Garnesvegen 78,2026-09-15,"286/83/0/0 Garnesvegen 78, tilbygg til bolig, riving trapp",Under behandling,True,https://www.bergen.kommune.no/omkommunen/offentlig-innsyn/innsynplanogbyggesak/saksinnsyn/sak/BYGG-2026/16224
BYGG-2026/16216,4601,Bergen,Vestland,5178,Kjøkkelvikveien 150,2026-09-15,"143/254/0/0 ved Kjøkkelvikveien 150, plassering av badstue",Under behandling,True,https://www.bergen.kommune.no/omkommunen/offentlig-innsyn/innsynplanogbyggesak/saksinnsyn/sak/BYGG-2026/16216
BYGG-2026/16215,4601,Bergen,Vestland,,,2026-09-15,"40/1494/0/0 Harald Skjolds veg 12A, utvidelse og oppgradering av uteoppholdsareal",Under behandling,True,https://www.bergen.kommune.no/omkommunen/offentlig-innsyn/innsynplanogbyggesak/saksinnsyn/sak/BYGG-2026/16215
BYGG-2026/16206,4601,Bergen,Vestland,5252,Søreidåsen 43,2026-09-14,"35/126/0/0 Søreidåsen 43, nytt bygg - Boligformål",Under behandling,True,https://www.bergen.kommune.no/omkommunen/offentlig-innsyn/innsynplanogbyggesak/saksinnsyn/sak/BYGG-2026/16206
BYGG-2026/16203,4601,Bergen,Vestland,5141,Einerhaugen 13b,2026-09-14,"22/147/0/0 Einerhaugen 13B, tilbygg bolig",Under behandling,True,https://www.bergen.kommune.no/omkommunen/offentlig-innsyn/innsynplanogbyggesak/saksinnsyn/sak/BYGG-2026/16203
BYGG-2026/16200,4601,Bergen,Vestland,,,2026-09-14,"152/99/0/0 Vågsgaten 20, tankpark for distribusjon av kjemikalier",Under behandling,True,https://www.bergen.kommune.no/omkommunen/offentlig-innsyn/innsynplanogbyggesak/saksinnsyn/sak/BYGG-2026/16200
BYGG-2026/16199,4601,Bergen,Vestland,,,2026-09-14,"207/88/0/0 Liamyrane 6, skilt/reklame større enn 6,5 m2 - fasade",Under behandling,True,https://www.bergen.kommune.no/omkommunen/offentlig-innsyn/innsynplanogbyggesak/saksinnsyn/sak/BYGG-2026/16199
BYGG-2026/16198,4601,Bergen,Vestland,,Lyngbøveien 21,2026-09-14,"149/541/0/0 Lyngbøveien 21, oppgradering baderom og rør i boligblokk",Under behandling,True,https://www.bergen.kommune.no/omkommunen/offentlig-innsyn/innsynplanogbyggesak/saksinnsyn/sak/BYGG-2026/16198
BYGG-2026/16191,4601,Bergen,Vestland,,Grimseidvegen 433,2026-09-14,"106/844/0/0 Grimseidvegen 433, nytt bygg - garasje",Under behandling,False,https://www.bergen.kommune.no/omkommunen/offentlig-innsyn/innsynplanogbyggesak/saksinnsyn/sak/BYGG-2026/16191
BYGG-2026/16189,4601,Bergen,Vestland,,Parkveien 22,2026-09-14,"164/540/0/0 Parkveien 22, bruksendring",Under behandling,True,https://www.bergen.kommune.no/omkommunen/offentlig-innsyn/innsynplanogbyggesak/saksinnsyn/sak/BYGG-2026/16189
BYGG-2026/16183,4601,Bergen,Vestland,,Solheimsgaten 18,2026-09-14,"158/839/0/0 Solheimsgaten 18, fasadeendring og bruksendring",Under behandling,True,https://www.bergen.kommune.no/omkommunen/offentlig-innsyn/innsynplanogbyggesak/saksinnsyn/sak/BYGG-2026/16183
BYGG-2026/16182,4601,Bergen,Vestland,5224,Totlandsvegen 40,2026-09-14,"46/16/0/0 Totlandsvegen 40, nybygg enebolig",Under behandling,True,https://www.bergen.kommune.no/omkommunen/offentlig-innsyn/innsynplanogbyggesak/saksinnsyn/sak/BYGG-2026/16182
BYGG-2026/16180,4601,Bergen,Vestland,5039,Helleveien 153,2026-09-14,"168/219/0/0 Helleveien 153, bruksendring bolig",Under behandling,False,https://www.bergen.kommune.no/omkommunen/offentlig-innsyn/innsynplanogbyggesak/saksinnsyn/sak/BYGG-2026/16180
BYGG-2026/16163,4601,Bergen,Vestland,5035,Sandviksbodene 73a,2026-09-14,"168/365/0/0 Sandviksbodene 73A, forhåndskonferanse -  etablering av et lite, kommersielt saunatilbud på eksisterende kai",Under behandling,True,https://www.bergen.kommune.no/omkommunen/offentlig-innsyn/innsynplanogbyggesak/saksinnsyn/sak/BYGG-2026/16163
